/*
Navicat MySQL Data Transfer

Source Server         : 本地数据库
Source Server Version : 50540
Source Host           : localhost:3306
Source Database       : bbs

Target Server Type    : MYSQL
Target Server Version : 50540
File Encoding         : 65001

Date: 2018-02-02 18:00:31
*/

SET FOREIGN_KEY_CHECKS=0;

-- ----------------------------
-- Table structure for tb_board
-- ----------------------------
DROP TABLE IF EXISTS `tb_board`;
CREATE TABLE `tb_board` (
  `id` int(11) NOT NULL AUTO_INCREMENT,
  `board_name` varchar(32) DEFAULT NULL COMMENT '板块名称',
  `board_info` varchar(256) DEFAULT NULL COMMENT '版块介绍',
  `board_admin` int(11) DEFAULT NULL COMMENT '版块版主',
  `board_parent_id` int(11) DEFAULT NULL COMMENT '父版块',
  `board_type` int(11) DEFAULT NULL COMMENT '类型 1一级版块 2二级板块',
  `is_recommend` int(11) DEFAULT NULL COMMENT '是否推荐 0否 1是',
  `create_by` int(11) DEFAULT NULL,
  `create_date` datetime DEFAULT NULL,
  `update_by` int(11) DEFAULT NULL,
  `update_date` datetime DEFAULT NULL,
  `del_flag` int(11) DEFAULT NULL,
  PRIMARY KEY (`id`)
) ENGINE=InnoDB AUTO_INCREMENT=6 DEFAULT CHARSET=utf8;

-- ----------------------------
-- Records of tb_board
-- ----------------------------
INSERT INTO `tb_board` VALUES ('1', '一级分类1', '版块介绍', '1', '0', '1', '0', '1', '2018-01-30 13:42:26', '1', '2018-01-30 13:42:30', '0');
INSERT INTO `tb_board` VALUES ('2', '一级分类2', '版块介绍', '1', '0', '1', '0', '1', '2018-01-30 13:42:44', '1', '2018-01-30 13:42:48', '0');
INSERT INTO `tb_board` VALUES ('3', '二级分类1', '版块介绍', '1', '1', '2', '0', '1', '2018-01-30 13:43:06', '1', '2018-01-30 13:43:09', '0');
INSERT INTO `tb_board` VALUES ('4', '二级分类2', '版块介绍', '1', '1', '2', '1', '1', '2018-01-30 13:43:24', '1', '2018-01-30 13:43:28', '0');
INSERT INTO `tb_board` VALUES ('5', '二级分类3', '版块介绍', '1', '2', '2', '1', '1', '2018-01-30 13:43:41', '1', '2018-01-30 13:43:44', '0');

-- ----------------------------
-- Table structure for tb_reply
-- ----------------------------
DROP TABLE IF EXISTS `tb_reply`;
CREATE TABLE `tb_reply` (
  `id` int(11) NOT NULL AUTO_INCREMENT,
  `topic_id` int(11) DEFAULT NULL,
  `user_id` int(11) DEFAULT NULL,
  `content` text,
  `reply_time` datetime DEFAULT NULL,
  `reply_sort` int(11) DEFAULT NULL,
  `board_id` int(11) DEFAULT NULL,
  `create_by` int(11) DEFAULT NULL,
  `create_date` datetime DEFAULT NULL,
  `update_by` int(11) DEFAULT NULL,
  `update_date` datetime DEFAULT NULL,
  `del_flag` int(11) DEFAULT NULL,
  PRIMARY KEY (`id`)
) ENGINE=InnoDB AUTO_INCREMENT=401 DEFAULT CHARSET=utf8;

-- ----------------------------
-- Records of tb_reply
-- ----------------------------
INSERT INTO `tb_reply` VALUES ('1', '101', '1', '1-测试文章:测试回复1', '2018-02-01 17:10:47', '1', '3', '1', '2018-02-01 17:10:47', '1', '2018-02-01 17:10:47', '0');
INSERT INTO `tb_reply` VALUES ('2', '101', '1', '1-测试文章:测试回复2', '2018-02-01 17:10:47', '2', '3', '1', '2018-02-01 17:10:47', '1', '2018-02-01 17:10:47', '0');
INSERT INTO `tb_reply` VALUES ('3', '101', '1', '1-测试文章:测试回复3', '2018-02-01 17:10:47', '3', '3', '1', '2018-02-01 17:10:47', '1', '2018-02-01 17:10:47', '0');
INSERT INTO `tb_reply` VALUES ('4', '101', '1', '1-测试文章:测试回复4', '2018-02-01 17:10:47', '4', '3', '1', '2018-02-01 17:10:47', '1', '2018-02-01 17:10:47', '0');
INSERT INTO `tb_reply` VALUES ('5', '102', '1', '2-测试文章:测试回复1', '2018-02-01 17:10:47', '1', '3', '1', '2018-02-01 17:10:47', '1', '2018-02-01 17:10:47', '0');
INSERT INTO `tb_reply` VALUES ('6', '102', '1', '2-测试文章:测试回复2', '2018-02-01 17:10:47', '2', '3', '1', '2018-02-01 17:10:47', '1', '2018-02-01 17:10:47', '0');
INSERT INTO `tb_reply` VALUES ('7', '102', '1', '2-测试文章:测试回复3', '2018-02-01 17:10:47', '3', '3', '1', '2018-02-01 17:10:47', '1', '2018-02-01 17:10:47', '0');
INSERT INTO `tb_reply` VALUES ('8', '102', '1', '2-测试文章:测试回复4', '2018-02-01 17:10:47', '4', '3', '1', '2018-02-01 17:10:47', '1', '2018-02-01 17:10:47', '0');
INSERT INTO `tb_reply` VALUES ('9', '103', '1', '3-测试文章:测试回复1', '2018-02-01 17:10:47', '1', '3', '1', '2018-02-01 17:10:47', '1', '2018-02-01 17:10:47', '0');
INSERT INTO `tb_reply` VALUES ('10', '103', '1', '3-测试文章:测试回复2', '2018-02-01 17:10:47', '2', '3', '1', '2018-02-01 17:10:47', '1', '2018-02-01 17:10:47', '0');
INSERT INTO `tb_reply` VALUES ('11', '103', '1', '3-测试文章:测试回复3', '2018-02-01 17:10:47', '3', '3', '1', '2018-02-01 17:10:47', '1', '2018-02-01 17:10:47', '0');
INSERT INTO `tb_reply` VALUES ('12', '103', '1', '3-测试文章:测试回复4', '2018-02-01 17:10:47', '4', '3', '1', '2018-02-01 17:10:47', '1', '2018-02-01 17:10:47', '0');
INSERT INTO `tb_reply` VALUES ('13', '104', '1', '4-测试文章:测试回复1', '2018-02-01 17:10:47', '1', '3', '1', '2018-02-01 17:10:47', '1', '2018-02-01 17:10:47', '0');
INSERT INTO `tb_reply` VALUES ('14', '104', '1', '4-测试文章:测试回复2', '2018-02-01 17:10:47', '2', '3', '1', '2018-02-01 17:10:47', '1', '2018-02-01 17:10:47', '0');
INSERT INTO `tb_reply` VALUES ('15', '104', '1', '4-测试文章:测试回复3', '2018-02-01 17:10:47', '3', '3', '1', '2018-02-01 17:10:47', '1', '2018-02-01 17:10:47', '0');
INSERT INTO `tb_reply` VALUES ('16', '104', '1', '4-测试文章:测试回复4', '2018-02-01 17:10:47', '4', '3', '1', '2018-02-01 17:10:47', '1', '2018-02-01 17:10:47', '0');
INSERT INTO `tb_reply` VALUES ('17', '105', '1', '5-测试文章:测试回复1', '2018-02-01 17:10:47', '1', '3', '1', '2018-02-01 17:10:47', '1', '2018-02-01 17:10:47', '0');
INSERT INTO `tb_reply` VALUES ('18', '105', '1', '5-测试文章:测试回复2', '2018-02-01 17:10:47', '2', '3', '1', '2018-02-01 17:10:47', '1', '2018-02-01 17:10:47', '0');
INSERT INTO `tb_reply` VALUES ('19', '105', '1', '5-测试文章:测试回复3', '2018-02-01 17:10:47', '3', '3', '1', '2018-02-01 17:10:47', '1', '2018-02-01 17:10:47', '0');
INSERT INTO `tb_reply` VALUES ('20', '105', '1', '5-测试文章:测试回复4', '2018-02-01 17:10:47', '4', '3', '1', '2018-02-01 17:10:47', '1', '2018-02-01 17:10:47', '0');
INSERT INTO `tb_reply` VALUES ('21', '106', '1', '6-测试文章:测试回复1', '2018-02-01 17:10:47', '1', '3', '1', '2018-02-01 17:10:47', '1', '2018-02-01 17:10:47', '0');
INSERT INTO `tb_reply` VALUES ('22', '106', '1', '6-测试文章:测试回复2', '2018-02-01 17:10:47', '2', '3', '1', '2018-02-01 17:10:47', '1', '2018-02-01 17:10:47', '0');
INSERT INTO `tb_reply` VALUES ('23', '106', '1', '6-测试文章:测试回复3', '2018-02-01 17:10:47', '3', '3', '1', '2018-02-01 17:10:47', '1', '2018-02-01 17:10:47', '0');
INSERT INTO `tb_reply` VALUES ('24', '106', '1', '6-测试文章:测试回复4', '2018-02-01 17:10:47', '4', '3', '1', '2018-02-01 17:10:47', '1', '2018-02-01 17:10:47', '0');
INSERT INTO `tb_reply` VALUES ('25', '107', '1', '7-测试文章:测试回复1', '2018-02-01 17:10:47', '1', '3', '1', '2018-02-01 17:10:47', '1', '2018-02-01 17:10:47', '0');
INSERT INTO `tb_reply` VALUES ('26', '107', '1', '7-测试文章:测试回复2', '2018-02-01 17:10:47', '2', '3', '1', '2018-02-01 17:10:47', '1', '2018-02-01 17:10:47', '0');
INSERT INTO `tb_reply` VALUES ('27', '107', '1', '7-测试文章:测试回复3', '2018-02-01 17:10:47', '3', '3', '1', '2018-02-01 17:10:47', '1', '2018-02-01 17:10:47', '0');
INSERT INTO `tb_reply` VALUES ('28', '107', '1', '7-测试文章:测试回复4', '2018-02-01 17:10:47', '4', '3', '1', '2018-02-01 17:10:47', '1', '2018-02-01 17:10:47', '0');
INSERT INTO `tb_reply` VALUES ('29', '108', '1', '8-测试文章:测试回复1', '2018-02-01 17:10:47', '1', '3', '1', '2018-02-01 17:10:47', '1', '2018-02-01 17:10:47', '0');
INSERT INTO `tb_reply` VALUES ('30', '108', '1', '8-测试文章:测试回复2', '2018-02-01 17:10:47', '2', '3', '1', '2018-02-01 17:10:47', '1', '2018-02-01 17:10:47', '0');
INSERT INTO `tb_reply` VALUES ('31', '108', '1', '8-测试文章:测试回复3', '2018-02-01 17:10:47', '3', '3', '1', '2018-02-01 17:10:47', '1', '2018-02-01 17:10:47', '0');
INSERT INTO `tb_reply` VALUES ('32', '108', '1', '8-测试文章:测试回复4', '2018-02-01 17:10:47', '4', '3', '1', '2018-02-01 17:10:47', '1', '2018-02-01 17:10:47', '0');
INSERT INTO `tb_reply` VALUES ('33', '109', '1', '9-测试文章:测试回复1', '2018-02-01 17:10:47', '1', '3', '1', '2018-02-01 17:10:47', '1', '2018-02-01 17:10:47', '0');
INSERT INTO `tb_reply` VALUES ('34', '109', '1', '9-测试文章:测试回复2', '2018-02-01 17:10:47', '2', '3', '1', '2018-02-01 17:10:47', '1', '2018-02-01 17:10:47', '0');
INSERT INTO `tb_reply` VALUES ('35', '109', '1', '9-测试文章:测试回复3', '2018-02-01 17:10:47', '3', '3', '1', '2018-02-01 17:10:47', '1', '2018-02-01 17:10:47', '0');
INSERT INTO `tb_reply` VALUES ('36', '109', '1', '9-测试文章:测试回复4', '2018-02-01 17:10:47', '4', '3', '1', '2018-02-01 17:10:47', '1', '2018-02-01 17:10:47', '0');
INSERT INTO `tb_reply` VALUES ('37', '110', '1', '10-测试文章:测试回复1', '2018-02-01 17:10:47', '1', '3', '1', '2018-02-01 17:10:47', '1', '2018-02-01 17:10:47', '0');
INSERT INTO `tb_reply` VALUES ('38', '110', '1', '10-测试文章:测试回复2', '2018-02-01 17:10:47', '2', '3', '1', '2018-02-01 17:10:47', '1', '2018-02-01 17:10:47', '0');
INSERT INTO `tb_reply` VALUES ('39', '110', '1', '10-测试文章:测试回复3', '2018-02-01 17:10:47', '3', '3', '1', '2018-02-01 17:10:47', '1', '2018-02-01 17:10:47', '0');
INSERT INTO `tb_reply` VALUES ('40', '110', '1', '10-测试文章:测试回复4', '2018-02-01 17:10:47', '4', '3', '1', '2018-02-01 17:10:47', '1', '2018-02-01 17:10:47', '0');
INSERT INTO `tb_reply` VALUES ('41', '111', '1', '11-测试文章:测试回复1', '2018-02-01 17:10:47', '1', '3', '1', '2018-02-01 17:10:47', '1', '2018-02-01 17:10:47', '0');
INSERT INTO `tb_reply` VALUES ('42', '111', '1', '11-测试文章:测试回复2', '2018-02-01 17:10:47', '2', '3', '1', '2018-02-01 17:10:47', '1', '2018-02-01 17:10:47', '0');
INSERT INTO `tb_reply` VALUES ('43', '111', '1', '11-测试文章:测试回复3', '2018-02-01 17:10:47', '3', '3', '1', '2018-02-01 17:10:47', '1', '2018-02-01 17:10:47', '0');
INSERT INTO `tb_reply` VALUES ('44', '111', '1', '11-测试文章:测试回复4', '2018-02-01 17:10:47', '4', '3', '1', '2018-02-01 17:10:47', '1', '2018-02-01 17:10:47', '0');
INSERT INTO `tb_reply` VALUES ('45', '112', '1', '12-测试文章:测试回复1', '2018-02-01 17:10:47', '1', '3', '1', '2018-02-01 17:10:47', '1', '2018-02-01 17:10:47', '0');
INSERT INTO `tb_reply` VALUES ('46', '112', '1', '12-测试文章:测试回复2', '2018-02-01 17:10:47', '2', '3', '1', '2018-02-01 17:10:47', '1', '2018-02-01 17:10:47', '0');
INSERT INTO `tb_reply` VALUES ('47', '112', '1', '12-测试文章:测试回复3', '2018-02-01 17:10:47', '3', '3', '1', '2018-02-01 17:10:47', '1', '2018-02-01 17:10:47', '0');
INSERT INTO `tb_reply` VALUES ('48', '112', '1', '12-测试文章:测试回复4', '2018-02-01 17:10:47', '4', '3', '1', '2018-02-01 17:10:47', '1', '2018-02-01 17:10:47', '0');
INSERT INTO `tb_reply` VALUES ('49', '113', '1', '13-测试文章:测试回复1', '2018-02-01 17:10:47', '1', '3', '1', '2018-02-01 17:10:47', '1', '2018-02-01 17:10:47', '0');
INSERT INTO `tb_reply` VALUES ('50', '113', '1', '13-测试文章:测试回复2', '2018-02-01 17:10:47', '2', '3', '1', '2018-02-01 17:10:47', '1', '2018-02-01 17:10:47', '0');
INSERT INTO `tb_reply` VALUES ('51', '113', '1', '13-测试文章:测试回复3', '2018-02-01 17:10:47', '3', '3', '1', '2018-02-01 17:10:47', '1', '2018-02-01 17:10:47', '0');
INSERT INTO `tb_reply` VALUES ('52', '113', '1', '13-测试文章:测试回复4', '2018-02-01 17:10:48', '4', '3', '1', '2018-02-01 17:10:48', '1', '2018-02-01 17:10:48', '0');
INSERT INTO `tb_reply` VALUES ('53', '114', '1', '14-测试文章:测试回复1', '2018-02-01 17:10:48', '1', '3', '1', '2018-02-01 17:10:48', '1', '2018-02-01 17:10:48', '0');
INSERT INTO `tb_reply` VALUES ('54', '114', '1', '14-测试文章:测试回复2', '2018-02-01 17:10:48', '2', '3', '1', '2018-02-01 17:10:48', '1', '2018-02-01 17:10:48', '0');
INSERT INTO `tb_reply` VALUES ('55', '114', '1', '14-测试文章:测试回复3', '2018-02-01 17:10:48', '3', '3', '1', '2018-02-01 17:10:48', '1', '2018-02-01 17:10:48', '0');
INSERT INTO `tb_reply` VALUES ('56', '114', '1', '14-测试文章:测试回复4', '2018-02-01 17:10:48', '4', '3', '1', '2018-02-01 17:10:48', '1', '2018-02-01 17:10:48', '0');
INSERT INTO `tb_reply` VALUES ('57', '115', '1', '15-测试文章:测试回复1', '2018-02-01 17:10:48', '1', '3', '1', '2018-02-01 17:10:48', '1', '2018-02-01 17:10:48', '0');
INSERT INTO `tb_reply` VALUES ('58', '115', '1', '15-测试文章:测试回复2', '2018-02-01 17:10:48', '2', '3', '1', '2018-02-01 17:10:48', '1', '2018-02-01 17:10:48', '0');
INSERT INTO `tb_reply` VALUES ('59', '115', '1', '15-测试文章:测试回复3', '2018-02-01 17:10:48', '3', '3', '1', '2018-02-01 17:10:48', '1', '2018-02-01 17:10:48', '0');
INSERT INTO `tb_reply` VALUES ('60', '115', '1', '15-测试文章:测试回复4', '2018-02-01 17:10:48', '4', '3', '1', '2018-02-01 17:10:48', '1', '2018-02-01 17:10:48', '0');
INSERT INTO `tb_reply` VALUES ('61', '116', '1', '16-测试文章:测试回复1', '2018-02-01 17:10:48', '1', '3', '1', '2018-02-01 17:10:48', '1', '2018-02-01 17:10:48', '0');
INSERT INTO `tb_reply` VALUES ('62', '116', '1', '16-测试文章:测试回复2', '2018-02-01 17:10:48', '2', '3', '1', '2018-02-01 17:10:48', '1', '2018-02-01 17:10:48', '0');
INSERT INTO `tb_reply` VALUES ('63', '116', '1', '16-测试文章:测试回复3', '2018-02-01 17:10:48', '3', '3', '1', '2018-02-01 17:10:48', '1', '2018-02-01 17:10:48', '0');
INSERT INTO `tb_reply` VALUES ('64', '116', '1', '16-测试文章:测试回复4', '2018-02-01 17:10:48', '4', '3', '1', '2018-02-01 17:10:48', '1', '2018-02-01 17:10:48', '0');
INSERT INTO `tb_reply` VALUES ('65', '117', '1', '17-测试文章:测试回复1', '2018-02-01 17:10:48', '1', '3', '1', '2018-02-01 17:10:48', '1', '2018-02-01 17:10:48', '0');
INSERT INTO `tb_reply` VALUES ('66', '117', '1', '17-测试文章:测试回复2', '2018-02-01 17:10:48', '2', '3', '1', '2018-02-01 17:10:48', '1', '2018-02-01 17:10:48', '0');
INSERT INTO `tb_reply` VALUES ('67', '117', '1', '17-测试文章:测试回复3', '2018-02-01 17:10:48', '3', '3', '1', '2018-02-01 17:10:48', '1', '2018-02-01 17:10:48', '0');
INSERT INTO `tb_reply` VALUES ('68', '117', '1', '17-测试文章:测试回复4', '2018-02-01 17:10:48', '4', '3', '1', '2018-02-01 17:10:48', '1', '2018-02-01 17:10:48', '0');
INSERT INTO `tb_reply` VALUES ('69', '118', '1', '18-测试文章:测试回复1', '2018-02-01 17:10:48', '1', '3', '1', '2018-02-01 17:10:48', '1', '2018-02-01 17:10:48', '0');
INSERT INTO `tb_reply` VALUES ('70', '118', '1', '18-测试文章:测试回复2', '2018-02-01 17:10:48', '2', '3', '1', '2018-02-01 17:10:48', '1', '2018-02-01 17:10:48', '0');
INSERT INTO `tb_reply` VALUES ('71', '118', '1', '18-测试文章:测试回复3', '2018-02-01 17:10:48', '3', '3', '1', '2018-02-01 17:10:48', '1', '2018-02-01 17:10:48', '0');
INSERT INTO `tb_reply` VALUES ('72', '118', '1', '18-测试文章:测试回复4', '2018-02-01 17:10:48', '4', '3', '1', '2018-02-01 17:10:48', '1', '2018-02-01 17:10:48', '0');
INSERT INTO `tb_reply` VALUES ('73', '119', '1', '19-测试文章:测试回复1', '2018-02-01 17:10:48', '1', '3', '1', '2018-02-01 17:10:48', '1', '2018-02-01 17:10:48', '0');
INSERT INTO `tb_reply` VALUES ('74', '119', '1', '19-测试文章:测试回复2', '2018-02-01 17:10:48', '2', '3', '1', '2018-02-01 17:10:48', '1', '2018-02-01 17:10:48', '0');
INSERT INTO `tb_reply` VALUES ('75', '119', '1', '19-测试文章:测试回复3', '2018-02-01 17:10:48', '3', '3', '1', '2018-02-01 17:10:48', '1', '2018-02-01 17:10:48', '0');
INSERT INTO `tb_reply` VALUES ('76', '119', '1', '19-测试文章:测试回复4', '2018-02-01 17:10:48', '4', '3', '1', '2018-02-01 17:10:48', '1', '2018-02-01 17:10:48', '0');
INSERT INTO `tb_reply` VALUES ('77', '120', '1', '20-测试文章:测试回复1', '2018-02-01 17:10:48', '1', '3', '1', '2018-02-01 17:10:48', '1', '2018-02-01 17:10:48', '0');
INSERT INTO `tb_reply` VALUES ('78', '120', '1', '20-测试文章:测试回复2', '2018-02-01 17:10:48', '2', '3', '1', '2018-02-01 17:10:48', '1', '2018-02-01 17:10:48', '0');
INSERT INTO `tb_reply` VALUES ('79', '120', '1', '20-测试文章:测试回复3', '2018-02-01 17:10:48', '3', '3', '1', '2018-02-01 17:10:48', '1', '2018-02-01 17:10:48', '0');
INSERT INTO `tb_reply` VALUES ('80', '120', '1', '20-测试文章:测试回复4', '2018-02-01 17:10:48', '4', '3', '1', '2018-02-01 17:10:48', '1', '2018-02-01 17:10:48', '0');
INSERT INTO `tb_reply` VALUES ('81', '121', '1', '21-测试文章:测试回复1', '2018-02-01 17:10:48', '1', '3', '1', '2018-02-01 17:10:48', '1', '2018-02-01 17:10:48', '0');
INSERT INTO `tb_reply` VALUES ('82', '121', '1', '21-测试文章:测试回复2', '2018-02-01 17:10:48', '2', '3', '1', '2018-02-01 17:10:48', '1', '2018-02-01 17:10:48', '0');
INSERT INTO `tb_reply` VALUES ('83', '121', '1', '21-测试文章:测试回复3', '2018-02-01 17:10:48', '3', '3', '1', '2018-02-01 17:10:48', '1', '2018-02-01 17:10:48', '0');
INSERT INTO `tb_reply` VALUES ('84', '121', '1', '21-测试文章:测试回复4', '2018-02-01 17:10:48', '4', '3', '1', '2018-02-01 17:10:48', '1', '2018-02-01 17:10:48', '0');
INSERT INTO `tb_reply` VALUES ('85', '122', '1', '22-测试文章:测试回复1', '2018-02-01 17:10:48', '1', '3', '1', '2018-02-01 17:10:48', '1', '2018-02-01 17:10:48', '0');
INSERT INTO `tb_reply` VALUES ('86', '122', '1', '22-测试文章:测试回复2', '2018-02-01 17:10:48', '2', '3', '1', '2018-02-01 17:10:48', '1', '2018-02-01 17:10:48', '0');
INSERT INTO `tb_reply` VALUES ('87', '122', '1', '22-测试文章:测试回复3', '2018-02-01 17:10:48', '3', '3', '1', '2018-02-01 17:10:48', '1', '2018-02-01 17:10:48', '0');
INSERT INTO `tb_reply` VALUES ('88', '122', '1', '22-测试文章:测试回复4', '2018-02-01 17:10:48', '4', '3', '1', '2018-02-01 17:10:48', '1', '2018-02-01 17:10:48', '0');
INSERT INTO `tb_reply` VALUES ('89', '123', '1', '23-测试文章:测试回复1', '2018-02-01 17:10:48', '1', '3', '1', '2018-02-01 17:10:48', '1', '2018-02-01 17:10:48', '0');
INSERT INTO `tb_reply` VALUES ('90', '123', '1', '23-测试文章:测试回复2', '2018-02-01 17:10:48', '2', '3', '1', '2018-02-01 17:10:48', '1', '2018-02-01 17:10:48', '0');
INSERT INTO `tb_reply` VALUES ('91', '123', '1', '23-测试文章:测试回复3', '2018-02-01 17:10:48', '3', '3', '1', '2018-02-01 17:10:48', '1', '2018-02-01 17:10:48', '0');
INSERT INTO `tb_reply` VALUES ('92', '123', '1', '23-测试文章:测试回复4', '2018-02-01 17:10:48', '4', '3', '1', '2018-02-01 17:10:48', '1', '2018-02-01 17:10:48', '0');
INSERT INTO `tb_reply` VALUES ('93', '124', '1', '24-测试文章:测试回复1', '2018-02-01 17:10:48', '1', '3', '1', '2018-02-01 17:10:48', '1', '2018-02-01 17:10:48', '0');
INSERT INTO `tb_reply` VALUES ('94', '124', '1', '24-测试文章:测试回复2', '2018-02-01 17:10:48', '2', '3', '1', '2018-02-01 17:10:48', '1', '2018-02-01 17:10:48', '0');
INSERT INTO `tb_reply` VALUES ('95', '124', '1', '24-测试文章:测试回复3', '2018-02-01 17:10:48', '3', '3', '1', '2018-02-01 17:10:48', '1', '2018-02-01 17:10:48', '0');
INSERT INTO `tb_reply` VALUES ('96', '124', '1', '24-测试文章:测试回复4', '2018-02-01 17:10:48', '4', '3', '1', '2018-02-01 17:10:48', '1', '2018-02-01 17:10:48', '0');
INSERT INTO `tb_reply` VALUES ('97', '125', '1', '25-测试文章:测试回复1', '2018-02-01 17:10:48', '1', '3', '1', '2018-02-01 17:10:48', '1', '2018-02-01 17:10:48', '0');
INSERT INTO `tb_reply` VALUES ('98', '125', '1', '25-测试文章:测试回复2', '2018-02-01 17:10:48', '2', '3', '1', '2018-02-01 17:10:48', '1', '2018-02-01 17:10:48', '0');
INSERT INTO `tb_reply` VALUES ('99', '125', '1', '25-测试文章:测试回复3', '2018-02-01 17:10:48', '3', '3', '1', '2018-02-01 17:10:48', '1', '2018-02-01 17:10:48', '0');
INSERT INTO `tb_reply` VALUES ('100', '125', '1', '25-测试文章:测试回复4', '2018-02-01 17:10:48', '4', '3', '1', '2018-02-01 17:10:48', '1', '2018-02-01 17:10:48', '0');
INSERT INTO `tb_reply` VALUES ('101', '126', '1', '26-测试文章:测试回复1', '2018-02-01 17:10:48', '1', '3', '1', '2018-02-01 17:10:48', '1', '2018-02-01 17:10:48', '0');
INSERT INTO `tb_reply` VALUES ('102', '126', '1', '26-测试文章:测试回复2', '2018-02-01 17:10:48', '2', '3', '1', '2018-02-01 17:10:48', '1', '2018-02-01 17:10:48', '0');
INSERT INTO `tb_reply` VALUES ('103', '126', '1', '26-测试文章:测试回复3', '2018-02-01 17:10:48', '3', '3', '1', '2018-02-01 17:10:48', '1', '2018-02-01 17:10:48', '0');
INSERT INTO `tb_reply` VALUES ('104', '126', '1', '26-测试文章:测试回复4', '2018-02-01 17:10:48', '4', '3', '1', '2018-02-01 17:10:48', '1', '2018-02-01 17:10:48', '0');
INSERT INTO `tb_reply` VALUES ('105', '127', '1', '27-测试文章:测试回复1', '2018-02-01 17:10:48', '1', '5', '1', '2018-02-01 17:10:48', '1', '2018-02-01 17:10:48', '0');
INSERT INTO `tb_reply` VALUES ('106', '127', '1', '27-测试文章:测试回复2', '2018-02-01 17:10:48', '2', '5', '1', '2018-02-01 17:10:48', '1', '2018-02-01 17:10:48', '0');
INSERT INTO `tb_reply` VALUES ('107', '127', '1', '27-测试文章:测试回复3', '2018-02-01 17:10:48', '3', '5', '1', '2018-02-01 17:10:48', '1', '2018-02-01 17:10:48', '0');
INSERT INTO `tb_reply` VALUES ('108', '127', '1', '27-测试文章:测试回复4', '2018-02-01 17:10:48', '4', '5', '1', '2018-02-01 17:10:48', '1', '2018-02-01 17:10:48', '0');
INSERT INTO `tb_reply` VALUES ('109', '128', '1', '28-测试文章:测试回复1', '2018-02-01 17:10:48', '1', '5', '1', '2018-02-01 17:10:48', '1', '2018-02-01 17:10:48', '0');
INSERT INTO `tb_reply` VALUES ('110', '128', '1', '28-测试文章:测试回复2', '2018-02-01 17:10:48', '2', '5', '1', '2018-02-01 17:10:48', '1', '2018-02-01 17:10:48', '0');
INSERT INTO `tb_reply` VALUES ('111', '128', '1', '28-测试文章:测试回复3', '2018-02-01 17:10:48', '3', '5', '1', '2018-02-01 17:10:48', '1', '2018-02-01 17:10:48', '0');
INSERT INTO `tb_reply` VALUES ('112', '128', '1', '28-测试文章:测试回复4', '2018-02-01 17:10:48', '4', '5', '1', '2018-02-01 17:10:48', '1', '2018-02-01 17:10:48', '0');
INSERT INTO `tb_reply` VALUES ('113', '129', '1', '29-测试文章:测试回复1', '2018-02-01 17:10:48', '1', '5', '1', '2018-02-01 17:10:48', '1', '2018-02-01 17:10:48', '0');
INSERT INTO `tb_reply` VALUES ('114', '129', '1', '29-测试文章:测试回复2', '2018-02-01 17:10:48', '2', '5', '1', '2018-02-01 17:10:48', '1', '2018-02-01 17:10:48', '0');
INSERT INTO `tb_reply` VALUES ('115', '129', '1', '29-测试文章:测试回复3', '2018-02-01 17:10:48', '3', '5', '1', '2018-02-01 17:10:48', '1', '2018-02-01 17:10:48', '0');
INSERT INTO `tb_reply` VALUES ('116', '129', '1', '29-测试文章:测试回复4', '2018-02-01 17:10:48', '4', '5', '1', '2018-02-01 17:10:48', '1', '2018-02-01 17:10:48', '0');
INSERT INTO `tb_reply` VALUES ('117', '130', '1', '30-测试文章:测试回复1', '2018-02-01 17:10:48', '1', '5', '1', '2018-02-01 17:10:48', '1', '2018-02-01 17:10:48', '0');
INSERT INTO `tb_reply` VALUES ('118', '130', '1', '30-测试文章:测试回复2', '2018-02-01 17:10:48', '2', '5', '1', '2018-02-01 17:10:48', '1', '2018-02-01 17:10:48', '0');
INSERT INTO `tb_reply` VALUES ('119', '130', '1', '30-测试文章:测试回复3', '2018-02-01 17:10:48', '3', '5', '1', '2018-02-01 17:10:48', '1', '2018-02-01 17:10:48', '0');
INSERT INTO `tb_reply` VALUES ('120', '130', '1', '30-测试文章:测试回复4', '2018-02-01 17:10:48', '4', '5', '1', '2018-02-01 17:10:48', '1', '2018-02-01 17:10:48', '0');
INSERT INTO `tb_reply` VALUES ('121', '131', '1', '31-测试文章:测试回复1', '2018-02-01 17:10:48', '1', '5', '1', '2018-02-01 17:10:48', '1', '2018-02-01 17:10:48', '0');
INSERT INTO `tb_reply` VALUES ('122', '131', '1', '31-测试文章:测试回复2', '2018-02-01 17:10:48', '2', '5', '1', '2018-02-01 17:10:48', '1', '2018-02-01 17:10:48', '0');
INSERT INTO `tb_reply` VALUES ('123', '131', '1', '31-测试文章:测试回复3', '2018-02-01 17:10:48', '3', '5', '1', '2018-02-01 17:10:48', '1', '2018-02-01 17:10:48', '0');
INSERT INTO `tb_reply` VALUES ('124', '131', '1', '31-测试文章:测试回复4', '2018-02-01 17:10:48', '4', '5', '1', '2018-02-01 17:10:48', '1', '2018-02-01 17:10:48', '0');
INSERT INTO `tb_reply` VALUES ('125', '132', '1', '32-测试文章:测试回复1', '2018-02-01 17:10:48', '1', '5', '1', '2018-02-01 17:10:48', '1', '2018-02-01 17:10:48', '0');
INSERT INTO `tb_reply` VALUES ('126', '132', '1', '32-测试文章:测试回复2', '2018-02-01 17:10:48', '2', '5', '1', '2018-02-01 17:10:48', '1', '2018-02-01 17:10:48', '0');
INSERT INTO `tb_reply` VALUES ('127', '132', '1', '32-测试文章:测试回复3', '2018-02-01 17:10:48', '3', '5', '1', '2018-02-01 17:10:48', '1', '2018-02-01 17:10:48', '0');
INSERT INTO `tb_reply` VALUES ('128', '132', '1', '32-测试文章:测试回复4', '2018-02-01 17:10:48', '4', '5', '1', '2018-02-01 17:10:48', '1', '2018-02-01 17:10:48', '0');
INSERT INTO `tb_reply` VALUES ('129', '133', '1', '33-测试文章:测试回复1', '2018-02-01 17:10:48', '1', '5', '1', '2018-02-01 17:10:48', '1', '2018-02-01 17:10:48', '0');
INSERT INTO `tb_reply` VALUES ('130', '133', '1', '33-测试文章:测试回复2', '2018-02-01 17:10:48', '2', '5', '1', '2018-02-01 17:10:48', '1', '2018-02-01 17:10:48', '0');
INSERT INTO `tb_reply` VALUES ('131', '133', '1', '33-测试文章:测试回复3', '2018-02-01 17:10:48', '3', '5', '1', '2018-02-01 17:10:48', '1', '2018-02-01 17:10:48', '0');
INSERT INTO `tb_reply` VALUES ('132', '133', '1', '33-测试文章:测试回复4', '2018-02-01 17:10:48', '4', '5', '1', '2018-02-01 17:10:48', '1', '2018-02-01 17:10:48', '0');
INSERT INTO `tb_reply` VALUES ('133', '134', '1', '34-测试文章:测试回复1', '2018-02-01 17:10:48', '1', '5', '1', '2018-02-01 17:10:48', '1', '2018-02-01 17:10:48', '0');
INSERT INTO `tb_reply` VALUES ('134', '134', '1', '34-测试文章:测试回复2', '2018-02-01 17:10:48', '2', '5', '1', '2018-02-01 17:10:48', '1', '2018-02-01 17:10:48', '0');
INSERT INTO `tb_reply` VALUES ('135', '134', '1', '34-测试文章:测试回复3', '2018-02-01 17:10:48', '3', '5', '1', '2018-02-01 17:10:48', '1', '2018-02-01 17:10:48', '0');
INSERT INTO `tb_reply` VALUES ('136', '134', '1', '34-测试文章:测试回复4', '2018-02-01 17:10:48', '4', '5', '1', '2018-02-01 17:10:48', '1', '2018-02-01 17:10:48', '0');
INSERT INTO `tb_reply` VALUES ('137', '135', '1', '35-测试文章:测试回复1', '2018-02-01 17:10:48', '1', '5', '1', '2018-02-01 17:10:48', '1', '2018-02-01 17:10:48', '0');
INSERT INTO `tb_reply` VALUES ('138', '135', '1', '35-测试文章:测试回复2', '2018-02-01 17:10:48', '2', '5', '1', '2018-02-01 17:10:48', '1', '2018-02-01 17:10:48', '0');
INSERT INTO `tb_reply` VALUES ('139', '135', '1', '35-测试文章:测试回复3', '2018-02-01 17:10:48', '3', '5', '1', '2018-02-01 17:10:48', '1', '2018-02-01 17:10:48', '0');
INSERT INTO `tb_reply` VALUES ('140', '135', '1', '35-测试文章:测试回复4', '2018-02-01 17:10:48', '4', '5', '1', '2018-02-01 17:10:48', '1', '2018-02-01 17:10:48', '0');
INSERT INTO `tb_reply` VALUES ('141', '136', '1', '36-测试文章:测试回复1', '2018-02-01 17:10:48', '1', '5', '1', '2018-02-01 17:10:48', '1', '2018-02-01 17:10:48', '0');
INSERT INTO `tb_reply` VALUES ('142', '136', '1', '36-测试文章:测试回复2', '2018-02-01 17:10:48', '2', '5', '1', '2018-02-01 17:10:48', '1', '2018-02-01 17:10:48', '0');
INSERT INTO `tb_reply` VALUES ('143', '136', '1', '36-测试文章:测试回复3', '2018-02-01 17:10:48', '3', '5', '1', '2018-02-01 17:10:48', '1', '2018-02-01 17:10:48', '0');
INSERT INTO `tb_reply` VALUES ('144', '136', '1', '36-测试文章:测试回复4', '2018-02-01 17:10:48', '4', '5', '1', '2018-02-01 17:10:48', '1', '2018-02-01 17:10:48', '0');
INSERT INTO `tb_reply` VALUES ('145', '137', '1', '37-测试文章:测试回复1', '2018-02-01 17:10:49', '1', '5', '1', '2018-02-01 17:10:49', '1', '2018-02-01 17:10:49', '0');
INSERT INTO `tb_reply` VALUES ('146', '137', '1', '37-测试文章:测试回复2', '2018-02-01 17:10:49', '2', '5', '1', '2018-02-01 17:10:49', '1', '2018-02-01 17:10:49', '0');
INSERT INTO `tb_reply` VALUES ('147', '137', '1', '37-测试文章:测试回复3', '2018-02-01 17:10:49', '3', '5', '1', '2018-02-01 17:10:49', '1', '2018-02-01 17:10:49', '0');
INSERT INTO `tb_reply` VALUES ('148', '137', '1', '37-测试文章:测试回复4', '2018-02-01 17:10:49', '4', '5', '1', '2018-02-01 17:10:49', '1', '2018-02-01 17:10:49', '0');
INSERT INTO `tb_reply` VALUES ('149', '138', '1', '38-测试文章:测试回复1', '2018-02-01 17:10:49', '1', '5', '1', '2018-02-01 17:10:49', '1', '2018-02-01 17:10:49', '0');
INSERT INTO `tb_reply` VALUES ('150', '138', '1', '38-测试文章:测试回复2', '2018-02-01 17:10:49', '2', '5', '1', '2018-02-01 17:10:49', '1', '2018-02-01 17:10:49', '0');
INSERT INTO `tb_reply` VALUES ('151', '138', '1', '38-测试文章:测试回复3', '2018-02-01 17:10:49', '3', '5', '1', '2018-02-01 17:10:49', '1', '2018-02-01 17:10:49', '0');
INSERT INTO `tb_reply` VALUES ('152', '138', '1', '38-测试文章:测试回复4', '2018-02-01 17:10:49', '4', '5', '1', '2018-02-01 17:10:49', '1', '2018-02-01 17:10:49', '0');
INSERT INTO `tb_reply` VALUES ('153', '139', '1', '39-测试文章:测试回复1', '2018-02-01 17:10:49', '1', '5', '1', '2018-02-01 17:10:49', '1', '2018-02-01 17:10:49', '0');
INSERT INTO `tb_reply` VALUES ('154', '139', '1', '39-测试文章:测试回复2', '2018-02-01 17:10:49', '2', '5', '1', '2018-02-01 17:10:49', '1', '2018-02-01 17:10:49', '0');
INSERT INTO `tb_reply` VALUES ('155', '139', '1', '39-测试文章:测试回复3', '2018-02-01 17:10:49', '3', '5', '1', '2018-02-01 17:10:49', '1', '2018-02-01 17:10:49', '0');
INSERT INTO `tb_reply` VALUES ('156', '139', '1', '39-测试文章:测试回复4', '2018-02-01 17:10:49', '4', '5', '1', '2018-02-01 17:10:49', '1', '2018-02-01 17:10:49', '0');
INSERT INTO `tb_reply` VALUES ('157', '140', '1', '40-测试文章:测试回复1', '2018-02-01 17:10:49', '1', '5', '1', '2018-02-01 17:10:49', '1', '2018-02-01 17:10:49', '0');
INSERT INTO `tb_reply` VALUES ('158', '140', '1', '40-测试文章:测试回复2', '2018-02-01 17:10:49', '2', '5', '1', '2018-02-01 17:10:49', '1', '2018-02-01 17:10:49', '0');
INSERT INTO `tb_reply` VALUES ('159', '140', '1', '40-测试文章:测试回复3', '2018-02-01 17:10:49', '3', '5', '1', '2018-02-01 17:10:49', '1', '2018-02-01 17:10:49', '0');
INSERT INTO `tb_reply` VALUES ('160', '140', '1', '40-测试文章:测试回复4', '2018-02-01 17:10:49', '4', '5', '1', '2018-02-01 17:10:49', '1', '2018-02-01 17:10:49', '0');
INSERT INTO `tb_reply` VALUES ('161', '141', '1', '41-测试文章:测试回复1', '2018-02-01 17:10:49', '1', '5', '1', '2018-02-01 17:10:49', '1', '2018-02-01 17:10:49', '0');
INSERT INTO `tb_reply` VALUES ('162', '141', '1', '41-测试文章:测试回复2', '2018-02-01 17:10:49', '2', '5', '1', '2018-02-01 17:10:49', '1', '2018-02-01 17:10:49', '0');
INSERT INTO `tb_reply` VALUES ('163', '141', '1', '41-测试文章:测试回复3', '2018-02-01 17:10:49', '3', '5', '1', '2018-02-01 17:10:49', '1', '2018-02-01 17:10:49', '0');
INSERT INTO `tb_reply` VALUES ('164', '141', '1', '41-测试文章:测试回复4', '2018-02-01 17:10:49', '4', '5', '1', '2018-02-01 17:10:49', '1', '2018-02-01 17:10:49', '0');
INSERT INTO `tb_reply` VALUES ('165', '142', '1', '42-测试文章:测试回复1', '2018-02-01 17:10:49', '1', '5', '1', '2018-02-01 17:10:49', '1', '2018-02-01 17:10:49', '0');
INSERT INTO `tb_reply` VALUES ('166', '142', '1', '42-测试文章:测试回复2', '2018-02-01 17:10:49', '2', '5', '1', '2018-02-01 17:10:49', '1', '2018-02-01 17:10:49', '0');
INSERT INTO `tb_reply` VALUES ('167', '142', '1', '42-测试文章:测试回复3', '2018-02-01 17:10:49', '3', '5', '1', '2018-02-01 17:10:49', '1', '2018-02-01 17:10:49', '0');
INSERT INTO `tb_reply` VALUES ('168', '142', '1', '42-测试文章:测试回复4', '2018-02-01 17:10:49', '4', '5', '1', '2018-02-01 17:10:49', '1', '2018-02-01 17:10:49', '0');
INSERT INTO `tb_reply` VALUES ('169', '143', '1', '43-测试文章:测试回复1', '2018-02-01 17:10:49', '1', '5', '1', '2018-02-01 17:10:49', '1', '2018-02-01 17:10:49', '0');
INSERT INTO `tb_reply` VALUES ('170', '143', '1', '43-测试文章:测试回复2', '2018-02-01 17:10:49', '2', '5', '1', '2018-02-01 17:10:49', '1', '2018-02-01 17:10:49', '0');
INSERT INTO `tb_reply` VALUES ('171', '143', '1', '43-测试文章:测试回复3', '2018-02-01 17:10:49', '3', '5', '1', '2018-02-01 17:10:49', '1', '2018-02-01 17:10:49', '0');
INSERT INTO `tb_reply` VALUES ('172', '143', '1', '43-测试文章:测试回复4', '2018-02-01 17:10:49', '4', '5', '1', '2018-02-01 17:10:49', '1', '2018-02-01 17:10:49', '0');
INSERT INTO `tb_reply` VALUES ('173', '144', '1', '44-测试文章:测试回复1', '2018-02-01 17:10:49', '1', '5', '1', '2018-02-01 17:10:49', '1', '2018-02-01 17:10:49', '0');
INSERT INTO `tb_reply` VALUES ('174', '144', '1', '44-测试文章:测试回复2', '2018-02-01 17:10:49', '2', '5', '1', '2018-02-01 17:10:49', '1', '2018-02-01 17:10:49', '0');
INSERT INTO `tb_reply` VALUES ('175', '144', '1', '44-测试文章:测试回复3', '2018-02-01 17:10:49', '3', '5', '1', '2018-02-01 17:10:49', '1', '2018-02-01 17:10:49', '0');
INSERT INTO `tb_reply` VALUES ('176', '144', '1', '44-测试文章:测试回复4', '2018-02-01 17:10:49', '4', '5', '1', '2018-02-01 17:10:49', '1', '2018-02-01 17:10:49', '0');
INSERT INTO `tb_reply` VALUES ('177', '145', '1', '45-测试文章:测试回复1', '2018-02-01 17:10:49', '1', '5', '1', '2018-02-01 17:10:49', '1', '2018-02-01 17:10:49', '0');
INSERT INTO `tb_reply` VALUES ('178', '145', '1', '45-测试文章:测试回复2', '2018-02-01 17:10:49', '2', '5', '1', '2018-02-01 17:10:49', '1', '2018-02-01 17:10:49', '0');
INSERT INTO `tb_reply` VALUES ('179', '145', '1', '45-测试文章:测试回复3', '2018-02-01 17:10:49', '3', '5', '1', '2018-02-01 17:10:49', '1', '2018-02-01 17:10:49', '0');
INSERT INTO `tb_reply` VALUES ('180', '145', '1', '45-测试文章:测试回复4', '2018-02-01 17:10:49', '4', '5', '1', '2018-02-01 17:10:49', '1', '2018-02-01 17:10:49', '0');
INSERT INTO `tb_reply` VALUES ('181', '146', '1', '46-测试文章:测试回复1', '2018-02-01 17:10:49', '1', '5', '1', '2018-02-01 17:10:49', '1', '2018-02-01 17:10:49', '0');
INSERT INTO `tb_reply` VALUES ('182', '146', '1', '46-测试文章:测试回复2', '2018-02-01 17:10:49', '2', '5', '1', '2018-02-01 17:10:49', '1', '2018-02-01 17:10:49', '0');
INSERT INTO `tb_reply` VALUES ('183', '146', '1', '46-测试文章:测试回复3', '2018-02-01 17:10:49', '3', '5', '1', '2018-02-01 17:10:49', '1', '2018-02-01 17:10:49', '0');
INSERT INTO `tb_reply` VALUES ('184', '146', '1', '46-测试文章:测试回复4', '2018-02-01 17:10:49', '4', '5', '1', '2018-02-01 17:10:49', '1', '2018-02-01 17:10:49', '0');
INSERT INTO `tb_reply` VALUES ('185', '147', '1', '47-测试文章:测试回复1', '2018-02-01 17:10:49', '1', '3', '1', '2018-02-01 17:10:49', '1', '2018-02-01 17:10:49', '0');
INSERT INTO `tb_reply` VALUES ('186', '147', '1', '47-测试文章:测试回复2', '2018-02-01 17:10:49', '2', '3', '1', '2018-02-01 17:10:49', '1', '2018-02-01 17:10:49', '0');
INSERT INTO `tb_reply` VALUES ('187', '147', '1', '47-测试文章:测试回复3', '2018-02-01 17:10:49', '3', '3', '1', '2018-02-01 17:10:49', '1', '2018-02-01 17:10:49', '0');
INSERT INTO `tb_reply` VALUES ('188', '147', '1', '47-测试文章:测试回复4', '2018-02-01 17:10:49', '4', '3', '1', '2018-02-01 17:10:49', '1', '2018-02-01 17:10:49', '0');
INSERT INTO `tb_reply` VALUES ('189', '148', '1', '48-测试文章:测试回复1', '2018-02-01 17:10:49', '1', '3', '1', '2018-02-01 17:10:49', '1', '2018-02-01 17:10:49', '0');
INSERT INTO `tb_reply` VALUES ('190', '148', '1', '48-测试文章:测试回复2', '2018-02-01 17:10:49', '2', '3', '1', '2018-02-01 17:10:49', '1', '2018-02-01 17:10:49', '0');
INSERT INTO `tb_reply` VALUES ('191', '148', '1', '48-测试文章:测试回复3', '2018-02-01 17:10:49', '3', '3', '1', '2018-02-01 17:10:49', '1', '2018-02-01 17:10:49', '0');
INSERT INTO `tb_reply` VALUES ('192', '148', '1', '48-测试文章:测试回复4', '2018-02-01 17:10:49', '4', '3', '1', '2018-02-01 17:10:49', '1', '2018-02-01 17:10:49', '0');
INSERT INTO `tb_reply` VALUES ('193', '149', '1', '49-测试文章:测试回复1', '2018-02-01 17:10:49', '1', '3', '1', '2018-02-01 17:10:49', '1', '2018-02-01 17:10:49', '0');
INSERT INTO `tb_reply` VALUES ('194', '149', '1', '49-测试文章:测试回复2', '2018-02-01 17:10:49', '2', '3', '1', '2018-02-01 17:10:49', '1', '2018-02-01 17:10:49', '0');
INSERT INTO `tb_reply` VALUES ('195', '149', '1', '49-测试文章:测试回复3', '2018-02-01 17:10:49', '3', '3', '1', '2018-02-01 17:10:49', '1', '2018-02-01 17:10:49', '0');
INSERT INTO `tb_reply` VALUES ('196', '149', '1', '49-测试文章:测试回复4', '2018-02-01 17:10:49', '4', '3', '1', '2018-02-01 17:10:49', '1', '2018-02-01 17:10:49', '0');
INSERT INTO `tb_reply` VALUES ('197', '150', '1', '50-测试文章:测试回复1', '2018-02-01 17:10:49', '1', '3', '1', '2018-02-01 17:10:49', '1', '2018-02-01 17:10:49', '0');
INSERT INTO `tb_reply` VALUES ('198', '150', '1', '50-测试文章:测试回复2', '2018-02-01 17:10:49', '2', '3', '1', '2018-02-01 17:10:49', '1', '2018-02-01 17:10:49', '0');
INSERT INTO `tb_reply` VALUES ('199', '150', '1', '50-测试文章:测试回复3', '2018-02-01 17:10:49', '3', '3', '1', '2018-02-01 17:10:49', '1', '2018-02-01 17:10:49', '0');
INSERT INTO `tb_reply` VALUES ('200', '150', '1', '50-测试文章:测试回复4', '2018-02-01 17:10:49', '4', '3', '1', '2018-02-01 17:10:49', '1', '2018-02-01 17:10:49', '0');
INSERT INTO `tb_reply` VALUES ('201', '151', '1', '51-测试文章:测试回复1', '2018-02-01 17:10:49', '1', '3', '1', '2018-02-01 17:10:49', '1', '2018-02-01 17:10:49', '0');
INSERT INTO `tb_reply` VALUES ('202', '151', '1', '51-测试文章:测试回复2', '2018-02-01 17:10:49', '2', '3', '1', '2018-02-01 17:10:49', '1', '2018-02-01 17:10:49', '0');
INSERT INTO `tb_reply` VALUES ('203', '151', '1', '51-测试文章:测试回复3', '2018-02-01 17:10:49', '3', '3', '1', '2018-02-01 17:10:49', '1', '2018-02-01 17:10:49', '0');
INSERT INTO `tb_reply` VALUES ('204', '151', '1', '51-测试文章:测试回复4', '2018-02-01 17:10:49', '4', '3', '1', '2018-02-01 17:10:49', '1', '2018-02-01 17:10:49', '0');
INSERT INTO `tb_reply` VALUES ('205', '152', '1', '52-测试文章:测试回复1', '2018-02-01 17:10:49', '1', '3', '1', '2018-02-01 17:10:49', '1', '2018-02-01 17:10:49', '0');
INSERT INTO `tb_reply` VALUES ('206', '152', '1', '52-测试文章:测试回复2', '2018-02-01 17:10:49', '2', '3', '1', '2018-02-01 17:10:49', '1', '2018-02-01 17:10:49', '0');
INSERT INTO `tb_reply` VALUES ('207', '152', '1', '52-测试文章:测试回复3', '2018-02-01 17:10:49', '3', '3', '1', '2018-02-01 17:10:49', '1', '2018-02-01 17:10:49', '0');
INSERT INTO `tb_reply` VALUES ('208', '152', '1', '52-测试文章:测试回复4', '2018-02-01 17:10:49', '4', '3', '1', '2018-02-01 17:10:49', '1', '2018-02-01 17:10:49', '0');
INSERT INTO `tb_reply` VALUES ('209', '153', '1', '53-测试文章:测试回复1', '2018-02-01 17:10:49', '1', '3', '1', '2018-02-01 17:10:49', '1', '2018-02-01 17:10:49', '0');
INSERT INTO `tb_reply` VALUES ('210', '153', '1', '53-测试文章:测试回复2', '2018-02-01 17:10:49', '2', '3', '1', '2018-02-01 17:10:49', '1', '2018-02-01 17:10:49', '0');
INSERT INTO `tb_reply` VALUES ('211', '153', '1', '53-测试文章:测试回复3', '2018-02-01 17:10:49', '3', '3', '1', '2018-02-01 17:10:49', '1', '2018-02-01 17:10:49', '0');
INSERT INTO `tb_reply` VALUES ('212', '153', '1', '53-测试文章:测试回复4', '2018-02-01 17:10:49', '4', '3', '1', '2018-02-01 17:10:49', '1', '2018-02-01 17:10:49', '0');
INSERT INTO `tb_reply` VALUES ('213', '154', '1', '54-测试文章:测试回复1', '2018-02-01 17:10:49', '1', '3', '1', '2018-02-01 17:10:49', '1', '2018-02-01 17:10:49', '0');
INSERT INTO `tb_reply` VALUES ('214', '154', '1', '54-测试文章:测试回复2', '2018-02-01 17:10:49', '2', '3', '1', '2018-02-01 17:10:49', '1', '2018-02-01 17:10:49', '0');
INSERT INTO `tb_reply` VALUES ('215', '154', '1', '54-测试文章:测试回复3', '2018-02-01 17:10:49', '3', '3', '1', '2018-02-01 17:10:49', '1', '2018-02-01 17:10:49', '0');
INSERT INTO `tb_reply` VALUES ('216', '154', '1', '54-测试文章:测试回复4', '2018-02-01 17:10:49', '4', '3', '1', '2018-02-01 17:10:49', '1', '2018-02-01 17:10:49', '0');
INSERT INTO `tb_reply` VALUES ('217', '155', '1', '55-测试文章:测试回复1', '2018-02-01 17:10:49', '1', '3', '1', '2018-02-01 17:10:49', '1', '2018-02-01 17:10:49', '0');
INSERT INTO `tb_reply` VALUES ('218', '155', '1', '55-测试文章:测试回复2', '2018-02-01 17:10:49', '2', '3', '1', '2018-02-01 17:10:49', '1', '2018-02-01 17:10:49', '0');
INSERT INTO `tb_reply` VALUES ('219', '155', '1', '55-测试文章:测试回复3', '2018-02-01 17:10:49', '3', '3', '1', '2018-02-01 17:10:49', '1', '2018-02-01 17:10:49', '0');
INSERT INTO `tb_reply` VALUES ('220', '155', '1', '55-测试文章:测试回复4', '2018-02-01 17:10:49', '4', '3', '1', '2018-02-01 17:10:49', '1', '2018-02-01 17:10:49', '0');
INSERT INTO `tb_reply` VALUES ('221', '156', '1', '56-测试文章:测试回复1', '2018-02-01 17:10:49', '1', '3', '1', '2018-02-01 17:10:49', '1', '2018-02-01 17:10:49', '0');
INSERT INTO `tb_reply` VALUES ('222', '156', '1', '56-测试文章:测试回复2', '2018-02-01 17:10:49', '2', '3', '1', '2018-02-01 17:10:49', '1', '2018-02-01 17:10:49', '0');
INSERT INTO `tb_reply` VALUES ('223', '156', '1', '56-测试文章:测试回复3', '2018-02-01 17:10:49', '3', '3', '1', '2018-02-01 17:10:49', '1', '2018-02-01 17:10:49', '0');
INSERT INTO `tb_reply` VALUES ('224', '156', '1', '56-测试文章:测试回复4', '2018-02-01 17:10:49', '4', '3', '1', '2018-02-01 17:10:49', '1', '2018-02-01 17:10:49', '0');
INSERT INTO `tb_reply` VALUES ('225', '157', '1', '57-测试文章:测试回复1', '2018-02-01 17:10:49', '1', '3', '1', '2018-02-01 17:10:49', '1', '2018-02-01 17:10:49', '0');
INSERT INTO `tb_reply` VALUES ('226', '157', '1', '57-测试文章:测试回复2', '2018-02-01 17:10:49', '2', '3', '1', '2018-02-01 17:10:49', '1', '2018-02-01 17:10:49', '0');
INSERT INTO `tb_reply` VALUES ('227', '157', '1', '57-测试文章:测试回复3', '2018-02-01 17:10:49', '3', '3', '1', '2018-02-01 17:10:49', '1', '2018-02-01 17:10:49', '0');
INSERT INTO `tb_reply` VALUES ('228', '157', '1', '57-测试文章:测试回复4', '2018-02-01 17:10:49', '4', '3', '1', '2018-02-01 17:10:49', '1', '2018-02-01 17:10:49', '0');
INSERT INTO `tb_reply` VALUES ('229', '158', '1', '58-测试文章:测试回复1', '2018-02-01 17:10:49', '1', '3', '1', '2018-02-01 17:10:49', '1', '2018-02-01 17:10:49', '0');
INSERT INTO `tb_reply` VALUES ('230', '158', '1', '58-测试文章:测试回复2', '2018-02-01 17:10:49', '2', '3', '1', '2018-02-01 17:10:49', '1', '2018-02-01 17:10:49', '0');
INSERT INTO `tb_reply` VALUES ('231', '158', '1', '58-测试文章:测试回复3', '2018-02-01 17:10:50', '3', '3', '1', '2018-02-01 17:10:50', '1', '2018-02-01 17:10:50', '0');
INSERT INTO `tb_reply` VALUES ('232', '158', '1', '58-测试文章:测试回复4', '2018-02-01 17:10:50', '4', '3', '1', '2018-02-01 17:10:50', '1', '2018-02-01 17:10:50', '0');
INSERT INTO `tb_reply` VALUES ('233', '159', '1', '59-测试文章:测试回复1', '2018-02-01 17:10:50', '1', '3', '1', '2018-02-01 17:10:50', '1', '2018-02-01 17:10:50', '0');
INSERT INTO `tb_reply` VALUES ('234', '159', '1', '59-测试文章:测试回复2', '2018-02-01 17:10:50', '2', '3', '1', '2018-02-01 17:10:50', '1', '2018-02-01 17:10:50', '0');
INSERT INTO `tb_reply` VALUES ('235', '159', '1', '59-测试文章:测试回复3', '2018-02-01 17:10:50', '3', '3', '1', '2018-02-01 17:10:50', '1', '2018-02-01 17:10:50', '0');
INSERT INTO `tb_reply` VALUES ('236', '159', '1', '59-测试文章:测试回复4', '2018-02-01 17:10:50', '4', '3', '1', '2018-02-01 17:10:50', '1', '2018-02-01 17:10:50', '0');
INSERT INTO `tb_reply` VALUES ('237', '160', '1', '60-测试文章:测试回复1', '2018-02-01 17:10:50', '1', '3', '1', '2018-02-01 17:10:50', '1', '2018-02-01 17:10:50', '0');
INSERT INTO `tb_reply` VALUES ('238', '160', '1', '60-测试文章:测试回复2', '2018-02-01 17:10:50', '2', '3', '1', '2018-02-01 17:10:50', '1', '2018-02-01 17:10:50', '0');
INSERT INTO `tb_reply` VALUES ('239', '160', '1', '60-测试文章:测试回复3', '2018-02-01 17:10:50', '3', '3', '1', '2018-02-01 17:10:50', '1', '2018-02-01 17:10:50', '0');
INSERT INTO `tb_reply` VALUES ('240', '160', '1', '60-测试文章:测试回复4', '2018-02-01 17:10:50', '4', '3', '1', '2018-02-01 17:10:50', '1', '2018-02-01 17:10:50', '0');
INSERT INTO `tb_reply` VALUES ('241', '161', '1', '61-测试文章:测试回复1', '2018-02-01 17:10:50', '1', '3', '1', '2018-02-01 17:10:50', '1', '2018-02-01 17:10:50', '0');
INSERT INTO `tb_reply` VALUES ('242', '161', '1', '61-测试文章:测试回复2', '2018-02-01 17:10:50', '2', '3', '1', '2018-02-01 17:10:50', '1', '2018-02-01 17:10:50', '0');
INSERT INTO `tb_reply` VALUES ('243', '161', '1', '61-测试文章:测试回复3', '2018-02-01 17:10:50', '3', '3', '1', '2018-02-01 17:10:50', '1', '2018-02-01 17:10:50', '0');
INSERT INTO `tb_reply` VALUES ('244', '161', '1', '61-测试文章:测试回复4', '2018-02-01 17:10:50', '4', '3', '1', '2018-02-01 17:10:50', '1', '2018-02-01 17:10:50', '0');
INSERT INTO `tb_reply` VALUES ('245', '162', '1', '62-测试文章:测试回复1', '2018-02-01 17:10:50', '1', '3', '1', '2018-02-01 17:10:50', '1', '2018-02-01 17:10:50', '0');
INSERT INTO `tb_reply` VALUES ('246', '162', '1', '62-测试文章:测试回复2', '2018-02-01 17:10:50', '2', '3', '1', '2018-02-01 17:10:50', '1', '2018-02-01 17:10:50', '0');
INSERT INTO `tb_reply` VALUES ('247', '162', '1', '62-测试文章:测试回复3', '2018-02-01 17:10:50', '3', '3', '1', '2018-02-01 17:10:50', '1', '2018-02-01 17:10:50', '0');
INSERT INTO `tb_reply` VALUES ('248', '162', '1', '62-测试文章:测试回复4', '2018-02-01 17:10:50', '4', '3', '1', '2018-02-01 17:10:50', '1', '2018-02-01 17:10:50', '0');
INSERT INTO `tb_reply` VALUES ('249', '163', '1', '63-测试文章:测试回复1', '2018-02-01 17:10:50', '1', '3', '1', '2018-02-01 17:10:50', '1', '2018-02-01 17:10:50', '0');
INSERT INTO `tb_reply` VALUES ('250', '163', '1', '63-测试文章:测试回复2', '2018-02-01 17:10:50', '2', '3', '1', '2018-02-01 17:10:50', '1', '2018-02-01 17:10:50', '0');
INSERT INTO `tb_reply` VALUES ('251', '163', '1', '63-测试文章:测试回复3', '2018-02-01 17:10:50', '3', '3', '1', '2018-02-01 17:10:50', '1', '2018-02-01 17:10:50', '0');
INSERT INTO `tb_reply` VALUES ('252', '163', '1', '63-测试文章:测试回复4', '2018-02-01 17:10:50', '4', '3', '1', '2018-02-01 17:10:50', '1', '2018-02-01 17:10:50', '0');
INSERT INTO `tb_reply` VALUES ('253', '164', '1', '64-测试文章:测试回复1', '2018-02-01 17:10:50', '1', '3', '1', '2018-02-01 17:10:50', '1', '2018-02-01 17:10:50', '0');
INSERT INTO `tb_reply` VALUES ('254', '164', '1', '64-测试文章:测试回复2', '2018-02-01 17:10:50', '2', '3', '1', '2018-02-01 17:10:50', '1', '2018-02-01 17:10:50', '0');
INSERT INTO `tb_reply` VALUES ('255', '164', '1', '64-测试文章:测试回复3', '2018-02-01 17:10:50', '3', '3', '1', '2018-02-01 17:10:50', '1', '2018-02-01 17:10:50', '0');
INSERT INTO `tb_reply` VALUES ('256', '164', '1', '64-测试文章:测试回复4', '2018-02-01 17:10:50', '4', '3', '1', '2018-02-01 17:10:50', '1', '2018-02-01 17:10:50', '0');
INSERT INTO `tb_reply` VALUES ('257', '165', '1', '65-测试文章:测试回复1', '2018-02-01 17:10:50', '1', '3', '1', '2018-02-01 17:10:50', '1', '2018-02-01 17:10:50', '0');
INSERT INTO `tb_reply` VALUES ('258', '165', '1', '65-测试文章:测试回复2', '2018-02-01 17:10:50', '2', '3', '1', '2018-02-01 17:10:50', '1', '2018-02-01 17:10:50', '0');
INSERT INTO `tb_reply` VALUES ('259', '165', '1', '65-测试文章:测试回复3', '2018-02-01 17:10:50', '3', '3', '1', '2018-02-01 17:10:50', '1', '2018-02-01 17:10:50', '0');
INSERT INTO `tb_reply` VALUES ('260', '165', '1', '65-测试文章:测试回复4', '2018-02-01 17:10:50', '4', '3', '1', '2018-02-01 17:10:50', '1', '2018-02-01 17:10:50', '0');
INSERT INTO `tb_reply` VALUES ('261', '166', '1', '66-测试文章:测试回复1', '2018-02-01 17:10:50', '1', '3', '1', '2018-02-01 17:10:50', '1', '2018-02-01 17:10:50', '0');
INSERT INTO `tb_reply` VALUES ('262', '166', '1', '66-测试文章:测试回复2', '2018-02-01 17:10:50', '2', '3', '1', '2018-02-01 17:10:50', '1', '2018-02-01 17:10:50', '0');
INSERT INTO `tb_reply` VALUES ('263', '166', '1', '66-测试文章:测试回复3', '2018-02-01 17:10:50', '3', '3', '1', '2018-02-01 17:10:50', '1', '2018-02-01 17:10:50', '0');
INSERT INTO `tb_reply` VALUES ('264', '166', '1', '66-测试文章:测试回复4', '2018-02-01 17:10:50', '4', '3', '1', '2018-02-01 17:10:50', '1', '2018-02-01 17:10:50', '0');
INSERT INTO `tb_reply` VALUES ('265', '167', '1', '67-测试文章:测试回复1', '2018-02-01 17:10:50', '1', '3', '1', '2018-02-01 17:10:50', '1', '2018-02-01 17:10:50', '0');
INSERT INTO `tb_reply` VALUES ('266', '167', '1', '67-测试文章:测试回复2', '2018-02-01 17:10:50', '2', '3', '1', '2018-02-01 17:10:50', '1', '2018-02-01 17:10:50', '0');
INSERT INTO `tb_reply` VALUES ('267', '167', '1', '67-测试文章:测试回复3', '2018-02-01 17:10:50', '3', '3', '1', '2018-02-01 17:10:50', '1', '2018-02-01 17:10:50', '0');
INSERT INTO `tb_reply` VALUES ('268', '167', '1', '67-测试文章:测试回复4', '2018-02-01 17:10:50', '4', '3', '1', '2018-02-01 17:10:50', '1', '2018-02-01 17:10:50', '0');
INSERT INTO `tb_reply` VALUES ('269', '168', '1', '68-测试文章:测试回复1', '2018-02-01 17:10:50', '1', '3', '1', '2018-02-01 17:10:50', '1', '2018-02-01 17:10:50', '0');
INSERT INTO `tb_reply` VALUES ('270', '168', '1', '68-测试文章:测试回复2', '2018-02-01 17:10:50', '2', '3', '1', '2018-02-01 17:10:50', '1', '2018-02-01 17:10:50', '0');
INSERT INTO `tb_reply` VALUES ('271', '168', '1', '68-测试文章:测试回复3', '2018-02-01 17:10:50', '3', '3', '1', '2018-02-01 17:10:50', '1', '2018-02-01 17:10:50', '0');
INSERT INTO `tb_reply` VALUES ('272', '168', '1', '68-测试文章:测试回复4', '2018-02-01 17:10:50', '4', '3', '1', '2018-02-01 17:10:50', '1', '2018-02-01 17:10:50', '0');
INSERT INTO `tb_reply` VALUES ('273', '169', '1', '69-测试文章:测试回复1', '2018-02-01 17:10:50', '1', '3', '1', '2018-02-01 17:10:50', '1', '2018-02-01 17:10:50', '0');
INSERT INTO `tb_reply` VALUES ('274', '169', '1', '69-测试文章:测试回复2', '2018-02-01 17:10:50', '2', '3', '1', '2018-02-01 17:10:50', '1', '2018-02-01 17:10:50', '0');
INSERT INTO `tb_reply` VALUES ('275', '169', '1', '69-测试文章:测试回复3', '2018-02-01 17:10:50', '3', '3', '1', '2018-02-01 17:10:50', '1', '2018-02-01 17:10:50', '0');
INSERT INTO `tb_reply` VALUES ('276', '169', '1', '69-测试文章:测试回复4', '2018-02-01 17:10:50', '4', '3', '1', '2018-02-01 17:10:50', '1', '2018-02-01 17:10:50', '0');
INSERT INTO `tb_reply` VALUES ('277', '170', '1', '70-测试文章:测试回复1', '2018-02-01 17:10:50', '1', '3', '1', '2018-02-01 17:10:50', '1', '2018-02-01 17:10:50', '0');
INSERT INTO `tb_reply` VALUES ('278', '170', '1', '70-测试文章:测试回复2', '2018-02-01 17:10:50', '2', '3', '1', '2018-02-01 17:10:50', '1', '2018-02-01 17:10:50', '0');
INSERT INTO `tb_reply` VALUES ('279', '170', '1', '70-测试文章:测试回复3', '2018-02-01 17:10:50', '3', '3', '1', '2018-02-01 17:10:50', '1', '2018-02-01 17:10:50', '0');
INSERT INTO `tb_reply` VALUES ('280', '170', '1', '70-测试文章:测试回复4', '2018-02-01 17:10:50', '4', '3', '1', '2018-02-01 17:10:50', '1', '2018-02-01 17:10:50', '0');
INSERT INTO `tb_reply` VALUES ('281', '171', '1', '71-测试文章:测试回复1', '2018-02-01 17:10:50', '1', '3', '1', '2018-02-01 17:10:50', '1', '2018-02-01 17:10:50', '0');
INSERT INTO `tb_reply` VALUES ('282', '171', '1', '71-测试文章:测试回复2', '2018-02-01 17:10:50', '2', '3', '1', '2018-02-01 17:10:50', '1', '2018-02-01 17:10:50', '0');
INSERT INTO `tb_reply` VALUES ('283', '171', '1', '71-测试文章:测试回复3', '2018-02-01 17:10:50', '3', '3', '1', '2018-02-01 17:10:50', '1', '2018-02-01 17:10:50', '0');
INSERT INTO `tb_reply` VALUES ('284', '171', '1', '71-测试文章:测试回复4', '2018-02-01 17:10:50', '4', '3', '1', '2018-02-01 17:10:50', '1', '2018-02-01 17:10:50', '0');
INSERT INTO `tb_reply` VALUES ('285', '172', '1', '72-测试文章:测试回复1', '2018-02-01 17:10:50', '1', '3', '1', '2018-02-01 17:10:50', '1', '2018-02-01 17:10:50', '0');
INSERT INTO `tb_reply` VALUES ('286', '172', '1', '72-测试文章:测试回复2', '2018-02-01 17:10:50', '2', '3', '1', '2018-02-01 17:10:50', '1', '2018-02-01 17:10:50', '0');
INSERT INTO `tb_reply` VALUES ('287', '172', '1', '72-测试文章:测试回复3', '2018-02-01 17:10:50', '3', '3', '1', '2018-02-01 17:10:50', '1', '2018-02-01 17:10:50', '0');
INSERT INTO `tb_reply` VALUES ('288', '172', '1', '72-测试文章:测试回复4', '2018-02-01 17:10:50', '4', '3', '1', '2018-02-01 17:10:50', '1', '2018-02-01 17:10:50', '0');
INSERT INTO `tb_reply` VALUES ('289', '173', '1', '73-测试文章:测试回复1', '2018-02-01 17:10:50', '1', '3', '1', '2018-02-01 17:10:50', '1', '2018-02-01 17:10:50', '0');
INSERT INTO `tb_reply` VALUES ('290', '173', '1', '73-测试文章:测试回复2', '2018-02-01 17:10:50', '2', '3', '1', '2018-02-01 17:10:50', '1', '2018-02-01 17:10:50', '0');
INSERT INTO `tb_reply` VALUES ('291', '173', '1', '73-测试文章:测试回复3', '2018-02-01 17:10:50', '3', '3', '1', '2018-02-01 17:10:50', '1', '2018-02-01 17:10:50', '0');
INSERT INTO `tb_reply` VALUES ('292', '173', '1', '73-测试文章:测试回复4', '2018-02-01 17:10:50', '4', '3', '1', '2018-02-01 17:10:50', '1', '2018-02-01 17:10:50', '0');
INSERT INTO `tb_reply` VALUES ('293', '174', '1', '74-测试文章:测试回复1', '2018-02-01 17:10:50', '1', '3', '1', '2018-02-01 17:10:50', '1', '2018-02-01 17:10:50', '0');
INSERT INTO `tb_reply` VALUES ('294', '174', '1', '74-测试文章:测试回复2', '2018-02-01 17:10:50', '2', '3', '1', '2018-02-01 17:10:50', '1', '2018-02-01 17:10:50', '0');
INSERT INTO `tb_reply` VALUES ('295', '174', '1', '74-测试文章:测试回复3', '2018-02-01 17:10:50', '3', '3', '1', '2018-02-01 17:10:50', '1', '2018-02-01 17:10:50', '0');
INSERT INTO `tb_reply` VALUES ('296', '174', '1', '74-测试文章:测试回复4', '2018-02-01 17:10:50', '4', '3', '1', '2018-02-01 17:10:50', '1', '2018-02-01 17:10:50', '0');
INSERT INTO `tb_reply` VALUES ('297', '175', '1', '75-测试文章:测试回复1', '2018-02-01 17:10:50', '1', '3', '1', '2018-02-01 17:10:50', '1', '2018-02-01 17:10:50', '0');
INSERT INTO `tb_reply` VALUES ('298', '175', '1', '75-测试文章:测试回复2', '2018-02-01 17:10:50', '2', '3', '1', '2018-02-01 17:10:50', '1', '2018-02-01 17:10:50', '0');
INSERT INTO `tb_reply` VALUES ('299', '175', '1', '75-测试文章:测试回复3', '2018-02-01 17:10:50', '3', '3', '1', '2018-02-01 17:10:50', '1', '2018-02-01 17:10:50', '0');
INSERT INTO `tb_reply` VALUES ('300', '175', '1', '75-测试文章:测试回复4', '2018-02-01 17:10:50', '4', '3', '1', '2018-02-01 17:10:50', '1', '2018-02-01 17:10:50', '0');
INSERT INTO `tb_reply` VALUES ('301', '176', '1', '76-测试文章:测试回复1', '2018-02-01 17:10:50', '1', '3', '1', '2018-02-01 17:10:50', '1', '2018-02-01 17:10:50', '0');
INSERT INTO `tb_reply` VALUES ('302', '176', '1', '76-测试文章:测试回复2', '2018-02-01 17:10:50', '2', '3', '1', '2018-02-01 17:10:50', '1', '2018-02-01 17:10:50', '0');
INSERT INTO `tb_reply` VALUES ('303', '176', '1', '76-测试文章:测试回复3', '2018-02-01 17:10:50', '3', '3', '1', '2018-02-01 17:10:50', '1', '2018-02-01 17:10:50', '0');
INSERT INTO `tb_reply` VALUES ('304', '176', '1', '76-测试文章:测试回复4', '2018-02-01 17:10:50', '4', '3', '1', '2018-02-01 17:10:50', '1', '2018-02-01 17:10:50', '0');
INSERT INTO `tb_reply` VALUES ('305', '177', '1', '77-测试文章:测试回复1', '2018-02-01 17:10:50', '1', '3', '1', '2018-02-01 17:10:50', '1', '2018-02-01 17:10:50', '0');
INSERT INTO `tb_reply` VALUES ('306', '177', '1', '77-测试文章:测试回复2', '2018-02-01 17:10:50', '2', '3', '1', '2018-02-01 17:10:50', '1', '2018-02-01 17:10:50', '0');
INSERT INTO `tb_reply` VALUES ('307', '177', '1', '77-测试文章:测试回复3', '2018-02-01 17:10:50', '3', '3', '1', '2018-02-01 17:10:50', '1', '2018-02-01 17:10:50', '0');
INSERT INTO `tb_reply` VALUES ('308', '177', '1', '77-测试文章:测试回复4', '2018-02-01 17:10:50', '4', '3', '1', '2018-02-01 17:10:50', '1', '2018-02-01 17:10:50', '0');
INSERT INTO `tb_reply` VALUES ('309', '178', '1', '78-测试文章:测试回复1', '2018-02-01 17:10:50', '1', '3', '1', '2018-02-01 17:10:50', '1', '2018-02-01 17:10:50', '0');
INSERT INTO `tb_reply` VALUES ('310', '178', '1', '78-测试文章:测试回复2', '2018-02-01 17:10:50', '2', '3', '1', '2018-02-01 17:10:50', '1', '2018-02-01 17:10:50', '0');
INSERT INTO `tb_reply` VALUES ('311', '178', '1', '78-测试文章:测试回复3', '2018-02-01 17:10:50', '3', '3', '1', '2018-02-01 17:10:50', '1', '2018-02-01 17:10:50', '0');
INSERT INTO `tb_reply` VALUES ('312', '178', '1', '78-测试文章:测试回复4', '2018-02-01 17:10:50', '4', '3', '1', '2018-02-01 17:10:50', '1', '2018-02-01 17:10:50', '0');
INSERT INTO `tb_reply` VALUES ('313', '179', '1', '79-测试文章:测试回复1', '2018-02-01 17:10:50', '1', '4', '1', '2018-02-01 17:10:50', '1', '2018-02-01 17:10:50', '0');
INSERT INTO `tb_reply` VALUES ('314', '179', '1', '79-测试文章:测试回复2', '2018-02-01 17:10:50', '2', '4', '1', '2018-02-01 17:10:50', '1', '2018-02-01 17:10:50', '0');
INSERT INTO `tb_reply` VALUES ('315', '179', '1', '79-测试文章:测试回复3', '2018-02-01 17:10:50', '3', '4', '1', '2018-02-01 17:10:50', '1', '2018-02-01 17:10:50', '0');
INSERT INTO `tb_reply` VALUES ('316', '179', '1', '79-测试文章:测试回复4', '2018-02-01 17:10:50', '4', '4', '1', '2018-02-01 17:10:50', '1', '2018-02-01 17:10:50', '0');
INSERT INTO `tb_reply` VALUES ('317', '180', '1', '80-测试文章:测试回复1', '2018-02-01 17:10:50', '1', '4', '1', '2018-02-01 17:10:50', '1', '2018-02-01 17:10:50', '0');
INSERT INTO `tb_reply` VALUES ('318', '180', '1', '80-测试文章:测试回复2', '2018-02-01 17:10:50', '2', '4', '1', '2018-02-01 17:10:50', '1', '2018-02-01 17:10:50', '0');
INSERT INTO `tb_reply` VALUES ('319', '180', '1', '80-测试文章:测试回复3', '2018-02-01 17:10:50', '3', '4', '1', '2018-02-01 17:10:50', '1', '2018-02-01 17:10:50', '0');
INSERT INTO `tb_reply` VALUES ('320', '180', '1', '80-测试文章:测试回复4', '2018-02-01 17:10:50', '4', '4', '1', '2018-02-01 17:10:50', '1', '2018-02-01 17:10:50', '0');
INSERT INTO `tb_reply` VALUES ('321', '181', '1', '81-测试文章:测试回复1', '2018-02-01 17:10:50', '1', '4', '1', '2018-02-01 17:10:50', '1', '2018-02-01 17:10:50', '0');
INSERT INTO `tb_reply` VALUES ('322', '181', '1', '81-测试文章:测试回复2', '2018-02-01 17:10:50', '2', '4', '1', '2018-02-01 17:10:50', '1', '2018-02-01 17:10:50', '0');
INSERT INTO `tb_reply` VALUES ('323', '181', '1', '81-测试文章:测试回复3', '2018-02-01 17:10:50', '3', '4', '1', '2018-02-01 17:10:50', '1', '2018-02-01 17:10:50', '0');
INSERT INTO `tb_reply` VALUES ('324', '181', '1', '81-测试文章:测试回复4', '2018-02-01 17:10:50', '4', '4', '1', '2018-02-01 17:10:50', '1', '2018-02-01 17:10:50', '0');
INSERT INTO `tb_reply` VALUES ('325', '182', '1', '82-测试文章:测试回复1', '2018-02-01 17:10:50', '1', '4', '1', '2018-02-01 17:10:50', '1', '2018-02-01 17:10:50', '0');
INSERT INTO `tb_reply` VALUES ('326', '182', '1', '82-测试文章:测试回复2', '2018-02-01 17:10:50', '2', '4', '1', '2018-02-01 17:10:50', '1', '2018-02-01 17:10:50', '0');
INSERT INTO `tb_reply` VALUES ('327', '182', '1', '82-测试文章:测试回复3', '2018-02-01 17:10:50', '3', '4', '1', '2018-02-01 17:10:50', '1', '2018-02-01 17:10:50', '0');
INSERT INTO `tb_reply` VALUES ('328', '182', '1', '82-测试文章:测试回复4', '2018-02-01 17:10:50', '4', '4', '1', '2018-02-01 17:10:50', '1', '2018-02-01 17:10:50', '0');
INSERT INTO `tb_reply` VALUES ('329', '183', '1', '83-测试文章:测试回复1', '2018-02-01 17:10:50', '1', '4', '1', '2018-02-01 17:10:50', '1', '2018-02-01 17:10:50', '0');
INSERT INTO `tb_reply` VALUES ('330', '183', '1', '83-测试文章:测试回复2', '2018-02-01 17:10:50', '2', '4', '1', '2018-02-01 17:10:50', '1', '2018-02-01 17:10:50', '0');
INSERT INTO `tb_reply` VALUES ('331', '183', '1', '83-测试文章:测试回复3', '2018-02-01 17:10:50', '3', '4', '1', '2018-02-01 17:10:50', '1', '2018-02-01 17:10:50', '0');
INSERT INTO `tb_reply` VALUES ('332', '183', '1', '83-测试文章:测试回复4', '2018-02-01 17:10:50', '4', '4', '1', '2018-02-01 17:10:50', '1', '2018-02-01 17:10:50', '0');
INSERT INTO `tb_reply` VALUES ('333', '184', '1', '84-测试文章:测试回复1', '2018-02-01 17:10:50', '1', '4', '1', '2018-02-01 17:10:50', '1', '2018-02-01 17:10:50', '0');
INSERT INTO `tb_reply` VALUES ('334', '184', '1', '84-测试文章:测试回复2', '2018-02-01 17:10:50', '2', '4', '1', '2018-02-01 17:10:50', '1', '2018-02-01 17:10:50', '0');
INSERT INTO `tb_reply` VALUES ('335', '184', '1', '84-测试文章:测试回复3', '2018-02-01 17:10:50', '3', '4', '1', '2018-02-01 17:10:50', '1', '2018-02-01 17:10:50', '0');
INSERT INTO `tb_reply` VALUES ('336', '184', '1', '84-测试文章:测试回复4', '2018-02-01 17:10:50', '4', '4', '1', '2018-02-01 17:10:50', '1', '2018-02-01 17:10:50', '0');
INSERT INTO `tb_reply` VALUES ('337', '185', '1', '85-测试文章:测试回复1', '2018-02-01 17:10:50', '1', '4', '1', '2018-02-01 17:10:50', '1', '2018-02-01 17:10:50', '0');
INSERT INTO `tb_reply` VALUES ('338', '185', '1', '85-测试文章:测试回复2', '2018-02-01 17:10:50', '2', '4', '1', '2018-02-01 17:10:50', '1', '2018-02-01 17:10:50', '0');
INSERT INTO `tb_reply` VALUES ('339', '185', '1', '85-测试文章:测试回复3', '2018-02-01 17:10:50', '3', '4', '1', '2018-02-01 17:10:50', '1', '2018-02-01 17:10:50', '0');
INSERT INTO `tb_reply` VALUES ('340', '185', '1', '85-测试文章:测试回复4', '2018-02-01 17:10:50', '4', '4', '1', '2018-02-01 17:10:50', '1', '2018-02-01 17:10:50', '0');
INSERT INTO `tb_reply` VALUES ('341', '186', '1', '86-测试文章:测试回复1', '2018-02-01 17:10:50', '1', '4', '1', '2018-02-01 17:10:50', '1', '2018-02-01 17:10:50', '0');
INSERT INTO `tb_reply` VALUES ('342', '186', '1', '86-测试文章:测试回复2', '2018-02-01 17:10:50', '2', '4', '1', '2018-02-01 17:10:50', '1', '2018-02-01 17:10:50', '0');
INSERT INTO `tb_reply` VALUES ('343', '186', '1', '86-测试文章:测试回复3', '2018-02-01 17:10:50', '3', '4', '1', '2018-02-01 17:10:50', '1', '2018-02-01 17:10:50', '0');
INSERT INTO `tb_reply` VALUES ('344', '186', '1', '86-测试文章:测试回复4', '2018-02-01 17:10:50', '4', '4', '1', '2018-02-01 17:10:50', '1', '2018-02-01 17:10:50', '0');
INSERT INTO `tb_reply` VALUES ('345', '187', '1', '87-测试文章:测试回复1', '2018-02-01 17:10:50', '1', '4', '1', '2018-02-01 17:10:50', '1', '2018-02-01 17:10:50', '0');
INSERT INTO `tb_reply` VALUES ('346', '187', '1', '87-测试文章:测试回复2', '2018-02-01 17:10:50', '2', '4', '1', '2018-02-01 17:10:50', '1', '2018-02-01 17:10:50', '0');
INSERT INTO `tb_reply` VALUES ('347', '187', '1', '87-测试文章:测试回复3', '2018-02-01 17:10:50', '3', '4', '1', '2018-02-01 17:10:50', '1', '2018-02-01 17:10:50', '0');
INSERT INTO `tb_reply` VALUES ('348', '187', '1', '87-测试文章:测试回复4', '2018-02-01 17:10:50', '4', '4', '1', '2018-02-01 17:10:50', '1', '2018-02-01 17:10:50', '0');
INSERT INTO `tb_reply` VALUES ('349', '188', '1', '88-测试文章:测试回复1', '2018-02-01 17:10:50', '1', '4', '1', '2018-02-01 17:10:50', '1', '2018-02-01 17:10:50', '0');
INSERT INTO `tb_reply` VALUES ('350', '188', '1', '88-测试文章:测试回复2', '2018-02-01 17:10:50', '2', '4', '1', '2018-02-01 17:10:50', '1', '2018-02-01 17:10:50', '0');
INSERT INTO `tb_reply` VALUES ('351', '188', '1', '88-测试文章:测试回复3', '2018-02-01 17:10:50', '3', '4', '1', '2018-02-01 17:10:50', '1', '2018-02-01 17:10:50', '0');
INSERT INTO `tb_reply` VALUES ('352', '188', '1', '88-测试文章:测试回复4', '2018-02-01 17:10:50', '4', '4', '1', '2018-02-01 17:10:50', '1', '2018-02-01 17:10:50', '0');
INSERT INTO `tb_reply` VALUES ('353', '189', '1', '89-测试文章:测试回复1', '2018-02-01 17:10:50', '1', '4', '1', '2018-02-01 17:10:50', '1', '2018-02-01 17:10:50', '0');
INSERT INTO `tb_reply` VALUES ('354', '189', '1', '89-测试文章:测试回复2', '2018-02-01 17:10:51', '2', '4', '1', '2018-02-01 17:10:51', '1', '2018-02-01 17:10:51', '0');
INSERT INTO `tb_reply` VALUES ('355', '189', '1', '89-测试文章:测试回复3', '2018-02-01 17:10:51', '3', '4', '1', '2018-02-01 17:10:51', '1', '2018-02-01 17:10:51', '0');
INSERT INTO `tb_reply` VALUES ('356', '189', '1', '89-测试文章:测试回复4', '2018-02-01 17:10:51', '4', '4', '1', '2018-02-01 17:10:51', '1', '2018-02-01 17:10:51', '0');
INSERT INTO `tb_reply` VALUES ('357', '190', '1', '90-测试文章:测试回复1', '2018-02-01 17:10:51', '1', '4', '1', '2018-02-01 17:10:51', '1', '2018-02-01 17:10:51', '0');
INSERT INTO `tb_reply` VALUES ('358', '190', '1', '90-测试文章:测试回复2', '2018-02-01 17:10:51', '2', '4', '1', '2018-02-01 17:10:51', '1', '2018-02-01 17:10:51', '0');
INSERT INTO `tb_reply` VALUES ('359', '190', '1', '90-测试文章:测试回复3', '2018-02-01 17:10:51', '3', '4', '1', '2018-02-01 17:10:51', '1', '2018-02-01 17:10:51', '0');
INSERT INTO `tb_reply` VALUES ('360', '190', '1', '90-测试文章:测试回复4', '2018-02-01 17:10:51', '4', '4', '1', '2018-02-01 17:10:51', '1', '2018-02-01 17:10:51', '0');
INSERT INTO `tb_reply` VALUES ('361', '191', '1', '91-测试文章:测试回复1', '2018-02-01 17:10:51', '1', '4', '1', '2018-02-01 17:10:51', '1', '2018-02-01 17:10:51', '0');
INSERT INTO `tb_reply` VALUES ('362', '191', '1', '91-测试文章:测试回复2', '2018-02-01 17:10:51', '2', '4', '1', '2018-02-01 17:10:51', '1', '2018-02-01 17:10:51', '0');
INSERT INTO `tb_reply` VALUES ('363', '191', '1', '91-测试文章:测试回复3', '2018-02-01 17:10:51', '3', '4', '1', '2018-02-01 17:10:51', '1', '2018-02-01 17:10:51', '0');
INSERT INTO `tb_reply` VALUES ('364', '191', '1', '91-测试文章:测试回复4', '2018-02-01 17:10:51', '4', '4', '1', '2018-02-01 17:10:51', '1', '2018-02-01 17:10:51', '0');
INSERT INTO `tb_reply` VALUES ('365', '192', '1', '92-测试文章:测试回复1', '2018-02-01 17:10:51', '1', '4', '1', '2018-02-01 17:10:51', '1', '2018-02-01 17:10:51', '0');
INSERT INTO `tb_reply` VALUES ('366', '192', '1', '92-测试文章:测试回复2', '2018-02-01 17:10:51', '2', '4', '1', '2018-02-01 17:10:51', '1', '2018-02-01 17:10:51', '0');
INSERT INTO `tb_reply` VALUES ('367', '192', '1', '92-测试文章:测试回复3', '2018-02-01 17:10:51', '3', '4', '1', '2018-02-01 17:10:51', '1', '2018-02-01 17:10:51', '0');
INSERT INTO `tb_reply` VALUES ('368', '192', '1', '92-测试文章:测试回复4', '2018-02-01 17:10:51', '4', '4', '1', '2018-02-01 17:10:51', '1', '2018-02-01 17:10:51', '0');
INSERT INTO `tb_reply` VALUES ('369', '193', '1', '93-测试文章:测试回复1', '2018-02-01 17:10:51', '1', '4', '1', '2018-02-01 17:10:51', '1', '2018-02-01 17:10:51', '0');
INSERT INTO `tb_reply` VALUES ('370', '193', '1', '93-测试文章:测试回复2', '2018-02-01 17:10:51', '2', '4', '1', '2018-02-01 17:10:51', '1', '2018-02-01 17:10:51', '0');
INSERT INTO `tb_reply` VALUES ('371', '193', '1', '93-测试文章:测试回复3', '2018-02-01 17:10:51', '3', '4', '1', '2018-02-01 17:10:51', '1', '2018-02-01 17:10:51', '0');
INSERT INTO `tb_reply` VALUES ('372', '193', '1', '93-测试文章:测试回复4', '2018-02-01 17:10:51', '4', '4', '1', '2018-02-01 17:10:51', '1', '2018-02-01 17:10:51', '0');
INSERT INTO `tb_reply` VALUES ('373', '194', '1', '94-测试文章:测试回复1', '2018-02-01 17:10:51', '1', '4', '1', '2018-02-01 17:10:51', '1', '2018-02-01 17:10:51', '0');
INSERT INTO `tb_reply` VALUES ('374', '194', '1', '94-测试文章:测试回复2', '2018-02-01 17:10:51', '2', '4', '1', '2018-02-01 17:10:51', '1', '2018-02-01 17:10:51', '0');
INSERT INTO `tb_reply` VALUES ('375', '194', '1', '94-测试文章:测试回复3', '2018-02-01 17:10:51', '3', '4', '1', '2018-02-01 17:10:51', '1', '2018-02-01 17:10:51', '0');
INSERT INTO `tb_reply` VALUES ('376', '194', '1', '94-测试文章:测试回复4', '2018-02-01 17:10:51', '4', '4', '1', '2018-02-01 17:10:51', '1', '2018-02-01 17:10:51', '0');
INSERT INTO `tb_reply` VALUES ('377', '195', '1', '95-测试文章:测试回复1', '2018-02-01 17:10:51', '1', '4', '1', '2018-02-01 17:10:51', '1', '2018-02-01 17:10:51', '0');
INSERT INTO `tb_reply` VALUES ('378', '195', '1', '95-测试文章:测试回复2', '2018-02-01 17:10:51', '2', '4', '1', '2018-02-01 17:10:51', '1', '2018-02-01 17:10:51', '0');
INSERT INTO `tb_reply` VALUES ('379', '195', '1', '95-测试文章:测试回复3', '2018-02-01 17:10:51', '3', '4', '1', '2018-02-01 17:10:51', '1', '2018-02-01 17:10:51', '0');
INSERT INTO `tb_reply` VALUES ('380', '195', '1', '95-测试文章:测试回复4', '2018-02-01 17:10:51', '4', '4', '1', '2018-02-01 17:10:51', '1', '2018-02-01 17:10:51', '0');
INSERT INTO `tb_reply` VALUES ('381', '196', '1', '96-测试文章:测试回复1', '2018-02-01 17:10:51', '1', '4', '1', '2018-02-01 17:10:51', '1', '2018-02-01 17:10:51', '0');
INSERT INTO `tb_reply` VALUES ('382', '196', '1', '96-测试文章:测试回复2', '2018-02-01 17:10:51', '2', '4', '1', '2018-02-01 17:10:51', '1', '2018-02-01 17:10:51', '0');
INSERT INTO `tb_reply` VALUES ('383', '196', '1', '96-测试文章:测试回复3', '2018-02-01 17:10:51', '3', '4', '1', '2018-02-01 17:10:51', '1', '2018-02-01 17:10:51', '0');
INSERT INTO `tb_reply` VALUES ('384', '196', '1', '96-测试文章:测试回复4', '2018-02-01 17:10:51', '4', '4', '1', '2018-02-01 17:10:51', '1', '2018-02-01 17:10:51', '0');
INSERT INTO `tb_reply` VALUES ('385', '197', '1', '97-测试文章:测试回复1', '2018-02-01 17:10:51', '1', '4', '1', '2018-02-01 17:10:51', '1', '2018-02-01 17:10:51', '0');
INSERT INTO `tb_reply` VALUES ('386', '197', '1', '97-测试文章:测试回复2', '2018-02-01 17:10:51', '2', '4', '1', '2018-02-01 17:10:51', '1', '2018-02-01 17:10:51', '0');
INSERT INTO `tb_reply` VALUES ('387', '197', '1', '97-测试文章:测试回复3', '2018-02-01 17:10:51', '3', '4', '1', '2018-02-01 17:10:51', '1', '2018-02-01 17:10:51', '0');
INSERT INTO `tb_reply` VALUES ('388', '197', '1', '97-测试文章:测试回复4', '2018-02-01 17:10:51', '4', '4', '1', '2018-02-01 17:10:51', '1', '2018-02-01 17:10:51', '0');
INSERT INTO `tb_reply` VALUES ('389', '198', '1', '98-测试文章:测试回复1', '2018-02-01 17:10:51', '1', '4', '1', '2018-02-01 17:10:51', '1', '2018-02-01 17:10:51', '0');
INSERT INTO `tb_reply` VALUES ('390', '198', '1', '98-测试文章:测试回复2', '2018-02-01 17:10:51', '2', '4', '1', '2018-02-01 17:10:51', '1', '2018-02-01 17:10:51', '0');
INSERT INTO `tb_reply` VALUES ('391', '198', '1', '98-测试文章:测试回复3', '2018-02-01 17:10:51', '3', '4', '1', '2018-02-01 17:10:51', '1', '2018-02-01 17:10:51', '0');
INSERT INTO `tb_reply` VALUES ('392', '198', '1', '98-测试文章:测试回复4', '2018-02-01 17:10:51', '4', '4', '1', '2018-02-01 17:10:51', '1', '2018-02-01 17:10:51', '0');
INSERT INTO `tb_reply` VALUES ('393', '199', '1', '99-测试文章:测试回复1', '2018-02-01 17:10:51', '1', '4', '1', '2018-02-01 17:10:51', '1', '2018-02-01 17:10:51', '0');
INSERT INTO `tb_reply` VALUES ('394', '199', '1', '99-测试文章:测试回复2', '2018-02-01 17:10:51', '2', '4', '1', '2018-02-01 17:10:51', '1', '2018-02-01 17:10:51', '0');
INSERT INTO `tb_reply` VALUES ('395', '199', '1', '99-测试文章:测试回复3', '2018-02-01 17:10:51', '3', '4', '1', '2018-02-01 17:10:51', '1', '2018-02-01 17:10:51', '0');
INSERT INTO `tb_reply` VALUES ('396', '199', '1', '99-测试文章:测试回复4', '2018-02-01 17:10:51', '4', '4', '1', '2018-02-01 17:10:51', '1', '2018-02-01 17:10:51', '0');
INSERT INTO `tb_reply` VALUES ('397', '200', '1', '100-测试文章:测试回复1', '2018-02-01 17:10:51', '1', '4', '1', '2018-02-01 17:10:51', '1', '2018-02-01 17:10:51', '0');
INSERT INTO `tb_reply` VALUES ('398', '200', '1', '100-测试文章:测试回复2', '2018-02-01 17:10:51', '2', '4', '1', '2018-02-01 17:10:51', '1', '2018-02-01 17:10:51', '0');
INSERT INTO `tb_reply` VALUES ('399', '200', '1', '100-测试文章:测试回复3', '2018-02-01 17:10:51', '3', '4', '1', '2018-02-01 17:10:51', '1', '2018-02-01 17:10:51', '0');
INSERT INTO `tb_reply` VALUES ('400', '200', '1', '100-测试文章:测试回复4', '2018-02-01 17:10:51', '4', '4', '1', '2018-02-01 17:10:51', '1', '2018-02-01 17:10:51', '0');

-- ----------------------------
-- Table structure for tb_sys_dict
-- ----------------------------
DROP TABLE IF EXISTS `tb_sys_dict`;
CREATE TABLE `tb_sys_dict` (
  `id` int(11) NOT NULL AUTO_INCREMENT,
  `value` varchar(100) NOT NULL COMMENT '字典值',
  `label` varchar(100) NOT NULL COMMENT '字典名称',
  `type` varchar(100) NOT NULL COMMENT '字典类型',
  `description` varchar(100) DEFAULT NULL COMMENT '字典类型名',
  `sort` decimal(10,0) DEFAULT NULL COMMENT '排序',
  `is_update` int(11) NOT NULL DEFAULT '1' COMMENT '能否修改:0否,1是',
  `create_by` varchar(64) DEFAULT NULL COMMENT '创建者',
  `create_date` datetime NOT NULL COMMENT '创建时间',
  `update_by` varchar(64) DEFAULT NULL COMMENT '更新者',
  `update_date` datetime NOT NULL COMMENT '更新时间',
  `remarks` varchar(255) DEFAULT NULL COMMENT '描述',
  `del_flag` char(1) DEFAULT NULL COMMENT '删除标识：0未删除，1已删除',
  PRIMARY KEY (`id`)
) ENGINE=InnoDB DEFAULT CHARSET=utf8;

-- ----------------------------
-- Records of tb_sys_dict
-- ----------------------------

-- ----------------------------
-- Table structure for tb_sys_role
-- ----------------------------
DROP TABLE IF EXISTS `tb_sys_role`;
CREATE TABLE `tb_sys_role` (
  `id` int(11) NOT NULL AUTO_INCREMENT,
  `name` varchar(32) DEFAULT NULL,
  `create_by` int(11) DEFAULT NULL,
  `create_date` datetime DEFAULT NULL,
  `update_by` int(11) DEFAULT NULL,
  `update_time` datetime DEFAULT NULL,
  `del_flag` int(11) DEFAULT NULL,
  PRIMARY KEY (`id`)
) ENGINE=InnoDB AUTO_INCREMENT=2 DEFAULT CHARSET=utf8;

-- ----------------------------
-- Records of tb_sys_role
-- ----------------------------
INSERT INTO `tb_sys_role` VALUES ('1', '系统管理员', '1', '2018-02-01 14:16:23', '1', '2018-02-01 14:16:20', '0');

-- ----------------------------
-- Table structure for tb_sys_user_role
-- ----------------------------
DROP TABLE IF EXISTS `tb_sys_user_role`;
CREATE TABLE `tb_sys_user_role` (
  `user_id` int(11) DEFAULT NULL,
  `role_id` int(11) DEFAULT NULL
) ENGINE=InnoDB DEFAULT CHARSET=utf8;

-- ----------------------------
-- Records of tb_sys_user_role
-- ----------------------------

-- ----------------------------
-- Table structure for tb_topic
-- ----------------------------
DROP TABLE IF EXISTS `tb_topic`;
CREATE TABLE `tb_topic` (
  `id` int(11) NOT NULL AUTO_INCREMENT,
  `title` varchar(32) DEFAULT NULL,
  `content` text,
  `user_id` int(11) DEFAULT NULL,
  `board_id` int(11) DEFAULT NULL,
  `type` int(11) DEFAULT NULL,
  `is_top` int(11) DEFAULT NULL COMMENT '是否置顶',
  `is_elite` int(11) DEFAULT NULL COMMENT '是否精华',
  `create_by` int(11) DEFAULT NULL,
  `create_date` datetime DEFAULT NULL,
  `update_by` int(11) DEFAULT NULL,
  `update_date` datetime DEFAULT NULL,
  `del_flag` int(11) DEFAULT NULL,
  PRIMARY KEY (`id`)
) ENGINE=InnoDB AUTO_INCREMENT=201 DEFAULT CHARSET=utf8;

-- ----------------------------
-- Records of tb_topic
-- ----------------------------
INSERT INTO `tb_topic` VALUES ('101', '1-测试文章', '1-测试内容', '1', '3', '1', '1', '0', '1', '2018-01-30 17:05:13', '1', '2018-01-30 17:05:13', '0');
INSERT INTO `tb_topic` VALUES ('102', '2-测试文章', '2-测试内容', '1', '3', '1', '1', '0', '1', '2018-01-30 17:05:13', '1', '2018-01-30 17:05:13', '0');
INSERT INTO `tb_topic` VALUES ('103', '3-测试文章', '3-测试内容', '1', '3', '1', '1', '0', '1', '2018-01-30 17:05:13', '1', '2018-01-30 17:05:13', '0');
INSERT INTO `tb_topic` VALUES ('104', '4-测试文章', '4-测试内容', '1', '3', '1', '1', '0', '1', '2018-01-30 17:05:13', '1', '2018-01-30 17:05:13', '0');
INSERT INTO `tb_topic` VALUES ('105', '5-测试文章', '5-测试内容', '1', '3', '1', '0', '0', '1', '2018-01-30 17:05:13', '1', '2018-01-30 17:05:13', '0');
INSERT INTO `tb_topic` VALUES ('106', '6-测试文章', '6-测试内容', '1', '3', '1', '0', '0', '1', '2018-01-30 17:05:13', '1', '2018-01-30 17:05:13', '0');
INSERT INTO `tb_topic` VALUES ('107', '7-测试文章', '7-测试内容', '1', '3', '1', '0', '0', '1', '2018-01-30 17:05:13', '1', '2018-01-30 17:05:13', '0');
INSERT INTO `tb_topic` VALUES ('108', '8-测试文章', '8-测试内容', '1', '3', '1', '0', '0', '1', '2018-01-30 17:05:13', '1', '2018-01-30 17:05:13', '0');
INSERT INTO `tb_topic` VALUES ('109', '9-测试文章', '9-测试内容', '1', '3', '1', '0', '0', '1', '2018-01-30 17:05:13', '1', '2018-01-30 17:05:13', '0');
INSERT INTO `tb_topic` VALUES ('110', '10-测试文章', '10-测试内容', '1', '3', '1', '0', '0', '1', '2018-01-30 17:05:13', '1', '2018-01-30 17:05:13', '0');
INSERT INTO `tb_topic` VALUES ('111', '11-测试文章', '11-测试内容', '1', '3', '1', '0', '1', '1', '2018-01-30 17:05:13', '1', '2018-01-30 17:05:13', '0');
INSERT INTO `tb_topic` VALUES ('112', '12-测试文章', '12-测试内容', '1', '3', '1', '0', '0', '1', '2018-01-30 17:05:13', '1', '2018-01-30 17:05:13', '0');
INSERT INTO `tb_topic` VALUES ('113', '13-测试文章', '13-测试内容', '1', '3', '1', '0', '0', '1', '2018-01-30 17:05:13', '1', '2018-01-30 17:05:13', '0');
INSERT INTO `tb_topic` VALUES ('114', '14-测试文章', '14-测试内容', '1', '3', '1', '0', '0', '1', '2018-01-30 17:05:13', '1', '2018-01-30 17:05:13', '0');
INSERT INTO `tb_topic` VALUES ('115', '15-测试文章', '15-测试内容', '1', '3', '1', '0', '1', '1', '2018-01-30 17:05:13', '1', '2018-01-30 17:05:13', '0');
INSERT INTO `tb_topic` VALUES ('116', '16-测试文章', '16-测试内容', '1', '3', '1', '0', '0', '1', '2018-01-30 17:05:13', '1', '2018-01-30 17:05:13', '0');
INSERT INTO `tb_topic` VALUES ('117', '17-测试文章', '17-测试内容', '1', '3', '1', '0', '0', '1', '2018-01-30 17:05:13', '1', '2018-01-30 17:05:13', '0');
INSERT INTO `tb_topic` VALUES ('118', '18-测试文章', '18-测试内容', '1', '3', '1', '0', '0', '1', '2018-01-30 17:05:13', '1', '2018-01-30 17:05:13', '0');
INSERT INTO `tb_topic` VALUES ('119', '19-测试文章', '19-测试内容', '1', '3', '1', '0', '0', '1', '2018-01-30 17:05:13', '1', '2018-01-30 17:05:13', '0');
INSERT INTO `tb_topic` VALUES ('120', '20-测试文章', '20-测试内容', '1', '3', '1', '0', '0', '1', '2018-01-30 17:05:13', '1', '2018-01-30 17:05:13', '0');
INSERT INTO `tb_topic` VALUES ('121', '21-测试文章', '21-测试内容', '1', '3', '1', '0', '1', '1', '2018-01-30 17:05:13', '1', '2018-01-30 17:05:13', '0');
INSERT INTO `tb_topic` VALUES ('122', '22-测试文章', '22-测试内容', '1', '3', '1', '0', '1', '1', '2018-01-30 17:05:13', '1', '2018-01-30 17:05:13', '0');
INSERT INTO `tb_topic` VALUES ('123', '23-测试文章', '23-测试内容', '1', '3', '1', '0', '1', '1', '2018-01-30 17:05:13', '1', '2018-01-30 17:05:13', '0');
INSERT INTO `tb_topic` VALUES ('124', '24-测试文章', '24-测试内容', '1', '3', '1', '0', '1', '1', '2018-01-30 17:05:13', '1', '2018-01-30 17:05:13', '0');
INSERT INTO `tb_topic` VALUES ('125', '25-测试文章', '25-测试内容', '1', '3', '1', '0', '1', '1', '2018-01-30 17:05:13', '1', '2018-01-30 17:05:13', '0');
INSERT INTO `tb_topic` VALUES ('126', '26-测试文章', '26-测试内容', '1', '3', '1', '0', '1', '1', '2018-01-30 17:05:13', '1', '2018-01-30 17:05:13', '0');
INSERT INTO `tb_topic` VALUES ('127', '27-测试文章', '27-测试内容', '1', '5', '1', '0', '1', '1', '2018-01-30 17:05:13', '1', '2018-01-30 17:05:13', '0');
INSERT INTO `tb_topic` VALUES ('128', '28-测试文章', '28-测试内容', '1', '5', '1', '0', '1', '1', '2018-01-30 17:05:13', '1', '2018-01-30 17:05:13', '0');
INSERT INTO `tb_topic` VALUES ('129', '29-测试文章', '29-测试内容', '1', '5', '1', '0', '1', '1', '2018-01-30 17:05:13', '1', '2018-01-30 17:05:13', '0');
INSERT INTO `tb_topic` VALUES ('130', '30-测试文章', '30-测试内容', '1', '5', '1', '0', '1', '1', '2018-01-30 17:05:13', '1', '2018-01-30 17:05:13', '0');
INSERT INTO `tb_topic` VALUES ('131', '31-测试文章', '31-测试内容', '1', '5', '1', '0', '1', '1', '2018-01-30 17:05:13', '1', '2018-01-30 17:05:13', '0');
INSERT INTO `tb_topic` VALUES ('132', '32-测试文章', '32-测试内容', '1', '5', '1', '0', '1', '1', '2018-01-30 17:05:13', '1', '2018-01-30 17:05:13', '0');
INSERT INTO `tb_topic` VALUES ('133', '33-测试文章', '33-测试内容', '1', '5', '1', '0', '0', '1', '2018-01-30 17:05:13', '1', '2018-01-30 17:05:13', '0');
INSERT INTO `tb_topic` VALUES ('134', '34-测试文章', '34-测试内容', '1', '5', '1', '0', '0', '1', '2018-01-30 17:05:13', '1', '2018-01-30 17:05:13', '0');
INSERT INTO `tb_topic` VALUES ('135', '35-测试文章', '35-测试内容', '1', '5', '1', '0', '0', '1', '2018-01-30 17:05:13', '1', '2018-01-30 17:05:13', '0');
INSERT INTO `tb_topic` VALUES ('136', '36-测试文章', '36-测试内容', '1', '5', '1', '0', '0', '1', '2018-01-30 17:05:13', '1', '2018-01-30 17:05:13', '0');
INSERT INTO `tb_topic` VALUES ('137', '37-测试文章', '37-测试内容', '1', '5', '1', '0', '0', '1', '2018-01-30 17:05:13', '1', '2018-01-30 17:05:13', '0');
INSERT INTO `tb_topic` VALUES ('138', '38-测试文章', '38-测试内容', '1', '5', '1', '0', '0', '1', '2018-01-30 17:05:13', '1', '2018-01-30 17:05:13', '0');
INSERT INTO `tb_topic` VALUES ('139', '39-测试文章', '39-测试内容', '1', '5', '1', '0', '0', '1', '2018-01-30 17:05:13', '1', '2018-01-30 17:05:13', '0');
INSERT INTO `tb_topic` VALUES ('140', '40-测试文章', '40-测试内容', '1', '5', '1', '0', '0', '1', '2018-01-30 17:05:13', '1', '2018-01-30 17:05:13', '0');
INSERT INTO `tb_topic` VALUES ('141', '41-测试文章', '41-测试内容', '1', '5', '1', '0', '0', '1', '2018-01-30 17:05:13', '1', '2018-01-30 17:05:13', '0');
INSERT INTO `tb_topic` VALUES ('142', '42-测试文章', '42-测试内容', '1', '5', '1', '0', '0', '1', '2018-01-30 17:05:13', '1', '2018-01-30 17:05:13', '0');
INSERT INTO `tb_topic` VALUES ('143', '43-测试文章', '43-测试内容', '1', '5', '1', '0', '0', '1', '2018-01-30 17:05:13', '1', '2018-01-30 17:05:13', '0');
INSERT INTO `tb_topic` VALUES ('144', '44-测试文章', '44-测试内容', '1', '5', '1', '0', '0', '1', '2018-01-30 17:05:13', '1', '2018-01-30 17:05:13', '0');
INSERT INTO `tb_topic` VALUES ('145', '45-测试文章', '45-测试内容', '1', '5', '1', '0', '0', '1', '2018-01-30 17:05:13', '1', '2018-01-30 17:05:13', '0');
INSERT INTO `tb_topic` VALUES ('146', '46-测试文章', '46-测试内容', '1', '5', '1', '0', '0', '1', '2018-01-30 17:05:13', '1', '2018-01-30 17:05:13', '0');
INSERT INTO `tb_topic` VALUES ('147', '47-测试文章', '47-测试内容', '1', '3', '1', '0', '0', '1', '2018-01-30 17:05:13', '1', '2018-01-30 17:05:13', '0');
INSERT INTO `tb_topic` VALUES ('148', '48-测试文章', '48-测试内容', '1', '3', '1', '0', '0', '1', '2018-01-30 17:05:13', '1', '2018-01-30 17:05:13', '0');
INSERT INTO `tb_topic` VALUES ('149', '49-测试文章', '49-测试内容', '1', '3', '1', '0', '0', '1', '2018-01-30 17:05:13', '1', '2018-01-30 17:05:13', '0');
INSERT INTO `tb_topic` VALUES ('150', '50-测试文章', '50-测试内容', '1', '3', '1', '0', '0', '1', '2018-01-30 17:05:13', '1', '2018-01-30 17:05:13', '0');
INSERT INTO `tb_topic` VALUES ('151', '51-测试文章', '51-测试内容', '1', '3', '1', '0', '0', '1', '2018-01-30 17:05:13', '1', '2018-01-30 17:05:13', '0');
INSERT INTO `tb_topic` VALUES ('152', '52-测试文章', '52-测试内容', '1', '3', '1', '0', '0', '1', '2018-01-30 17:05:13', '1', '2018-01-30 17:05:13', '0');
INSERT INTO `tb_topic` VALUES ('153', '53-测试文章', '53-测试内容', '1', '3', '1', '0', '0', '1', '2018-01-30 17:05:13', '1', '2018-01-30 17:05:13', '0');
INSERT INTO `tb_topic` VALUES ('154', '54-测试文章', '54-测试内容', '1', '3', '1', '0', '0', '1', '2018-01-30 17:05:13', '1', '2018-01-30 17:05:13', '0');
INSERT INTO `tb_topic` VALUES ('155', '55-测试文章', '55-测试内容', '1', '3', '1', '0', '0', '1', '2018-01-30 17:05:13', '1', '2018-01-30 17:05:13', '0');
INSERT INTO `tb_topic` VALUES ('156', '56-测试文章', '56-测试内容', '1', '3', '1', '0', '0', '1', '2018-01-30 17:05:13', '1', '2018-01-30 17:05:13', '0');
INSERT INTO `tb_topic` VALUES ('157', '57-测试文章', '57-测试内容', '1', '3', '1', '0', '0', '1', '2018-01-30 17:05:13', '1', '2018-01-30 17:05:13', '0');
INSERT INTO `tb_topic` VALUES ('158', '58-测试文章', '58-测试内容', '1', '3', '1', '0', '0', '1', '2018-01-30 17:05:13', '1', '2018-01-30 17:05:13', '0');
INSERT INTO `tb_topic` VALUES ('159', '59-测试文章', '59-测试内容', '1', '3', '1', '0', '0', '1', '2018-01-30 17:05:13', '1', '2018-01-30 17:05:13', '0');
INSERT INTO `tb_topic` VALUES ('160', '60-测试文章', '60-测试内容', '1', '3', '1', '0', '0', '1', '2018-01-30 17:05:13', '1', '2018-01-30 17:05:13', '0');
INSERT INTO `tb_topic` VALUES ('161', '61-测试文章', '61-测试内容', '1', '3', '1', '0', '0', '1', '2018-01-30 17:05:13', '1', '2018-01-30 17:05:13', '0');
INSERT INTO `tb_topic` VALUES ('162', '62-测试文章', '62-测试内容', '1', '3', '1', '0', '0', '1', '2018-01-30 17:05:13', '1', '2018-01-30 17:05:13', '0');
INSERT INTO `tb_topic` VALUES ('163', '63-测试文章', '63-测试内容', '1', '3', '1', '0', '0', '1', '2018-01-30 17:05:13', '1', '2018-01-30 17:05:13', '0');
INSERT INTO `tb_topic` VALUES ('164', '64-测试文章', '64-测试内容', '1', '3', '1', '0', '0', '1', '2018-01-30 17:05:13', '1', '2018-01-30 17:05:13', '0');
INSERT INTO `tb_topic` VALUES ('165', '65-测试文章', '65-测试内容', '1', '3', '1', '0', '0', '1', '2018-01-30 17:05:13', '1', '2018-01-30 17:05:13', '0');
INSERT INTO `tb_topic` VALUES ('166', '66-测试文章', '66-测试内容', '1', '3', '1', '0', '0', '1', '2018-01-30 17:05:13', '1', '2018-01-30 17:05:13', '0');
INSERT INTO `tb_topic` VALUES ('167', '67-测试文章', '67-测试内容', '1', '3', '1', '0', '0', '1', '2018-01-30 17:05:13', '1', '2018-01-30 17:05:13', '0');
INSERT INTO `tb_topic` VALUES ('168', '68-测试文章', '68-测试内容', '1', '3', '1', '0', '0', '1', '2018-01-30 17:05:13', '1', '2018-01-30 17:05:13', '0');
INSERT INTO `tb_topic` VALUES ('169', '69-测试文章', '69-测试内容', '1', '3', '1', '0', '0', '1', '2018-01-30 17:05:13', '1', '2018-01-30 17:05:13', '0');
INSERT INTO `tb_topic` VALUES ('170', '70-测试文章', '70-测试内容', '1', '3', '1', '0', '0', '1', '2018-01-30 17:05:13', '1', '2018-01-30 17:05:13', '0');
INSERT INTO `tb_topic` VALUES ('171', '71-测试文章', '71-测试内容', '1', '3', '1', '0', '0', '1', '2018-01-30 17:05:13', '1', '2018-01-30 17:05:13', '0');
INSERT INTO `tb_topic` VALUES ('172', '72-测试文章', '72-测试内容', '1', '3', '1', '0', '0', '1', '2018-01-30 17:05:13', '1', '2018-01-30 17:05:13', '0');
INSERT INTO `tb_topic` VALUES ('173', '73-测试文章', '73-测试内容', '1', '3', '1', '0', '0', '1', '2018-01-30 17:05:13', '1', '2018-01-30 17:05:13', '0');
INSERT INTO `tb_topic` VALUES ('174', '74-测试文章', '74-测试内容', '1', '3', '1', '0', '0', '1', '2018-01-30 17:05:13', '1', '2018-01-30 17:05:13', '0');
INSERT INTO `tb_topic` VALUES ('175', '75-测试文章', '75-测试内容', '1', '3', '1', '0', '0', '1', '2018-01-30 17:05:13', '1', '2018-01-30 17:05:13', '0');
INSERT INTO `tb_topic` VALUES ('176', '76-测试文章', '76-测试内容', '1', '3', '1', '0', '0', '1', '2018-01-30 17:05:13', '1', '2018-01-30 17:05:13', '0');
INSERT INTO `tb_topic` VALUES ('177', '77-测试文章', '77-测试内容', '1', '3', '1', '0', '0', '1', '2018-01-30 17:05:13', '1', '2018-01-30 17:05:13', '0');
INSERT INTO `tb_topic` VALUES ('178', '78-测试文章', '78-测试内容', '1', '3', '1', '0', '0', '1', '2018-01-30 17:05:13', '1', '2018-01-30 17:05:13', '0');
INSERT INTO `tb_topic` VALUES ('179', '79-测试文章', '79-测试内容', '1', '4', '1', '0', '0', '1', '2018-01-30 17:05:13', '1', '2018-01-30 17:05:13', '0');
INSERT INTO `tb_topic` VALUES ('180', '80-测试文章', '80-测试内容', '1', '4', '1', '0', '0', '1', '2018-01-30 17:05:13', '1', '2018-01-30 17:05:13', '0');
INSERT INTO `tb_topic` VALUES ('181', '81-测试文章', '81-测试内容', '1', '4', '1', '0', '0', '1', '2018-01-30 17:05:13', '1', '2018-01-30 17:05:13', '0');
INSERT INTO `tb_topic` VALUES ('182', '82-测试文章', '82-测试内容', '1', '4', '1', '0', '0', '1', '2018-01-30 17:05:13', '1', '2018-01-30 17:05:13', '0');
INSERT INTO `tb_topic` VALUES ('183', '83-测试文章', '83-测试内容', '1', '4', '1', '0', '0', '1', '2018-01-30 17:05:13', '1', '2018-01-30 17:05:13', '0');
INSERT INTO `tb_topic` VALUES ('184', '84-测试文章', '84-测试内容', '1', '4', '1', '0', '0', '1', '2018-01-30 17:05:13', '1', '2018-01-30 17:05:13', '0');
INSERT INTO `tb_topic` VALUES ('185', '85-测试文章', '85-测试内容', '1', '4', '1', '0', '0', '1', '2018-01-30 17:05:13', '1', '2018-01-30 17:05:13', '0');
INSERT INTO `tb_topic` VALUES ('186', '86-测试文章', '86-测试内容', '1', '4', '1', '0', '0', '1', '2018-01-30 17:05:13', '1', '2018-01-30 17:05:13', '0');
INSERT INTO `tb_topic` VALUES ('187', '87-测试文章', '87-测试内容', '1', '4', '1', '0', '0', '1', '2018-01-30 17:05:13', '1', '2018-01-30 17:05:13', '0');
INSERT INTO `tb_topic` VALUES ('188', '88-测试文章', '88-测试内容', '1', '4', '1', '0', '0', '1', '2018-01-30 17:05:13', '1', '2018-01-30 17:05:13', '0');
INSERT INTO `tb_topic` VALUES ('189', '89-测试文章', '89-测试内容', '1', '4', '1', '0', '0', '1', '2018-01-30 17:05:13', '1', '2018-01-30 17:05:13', '0');
INSERT INTO `tb_topic` VALUES ('190', '90-测试文章', '90-测试内容', '1', '4', '1', '0', '0', '1', '2018-01-30 17:05:13', '1', '2018-01-30 17:05:13', '0');
INSERT INTO `tb_topic` VALUES ('191', '91-测试文章', '91-测试内容', '1', '4', '1', '0', '0', '1', '2018-01-30 17:05:13', '1', '2018-01-30 17:05:13', '0');
INSERT INTO `tb_topic` VALUES ('192', '92-测试文章', '92-测试内容', '1', '4', '1', '0', '0', '1', '2018-01-30 17:05:13', '1', '2018-01-30 17:05:13', '0');
INSERT INTO `tb_topic` VALUES ('193', '93-测试文章', '93-测试内容', '1', '4', '1', '0', '0', '1', '2018-01-30 17:05:13', '1', '2018-01-30 17:05:13', '0');
INSERT INTO `tb_topic` VALUES ('194', '94-测试文章', '94-测试内容', '1', '4', '1', '0', '0', '1', '2018-01-30 17:05:13', '1', '2018-01-30 17:05:13', '0');
INSERT INTO `tb_topic` VALUES ('195', '95-测试文章', '95-测试内容', '1', '4', '1', '0', '0', '1', '2018-01-30 17:05:13', '1', '2018-01-30 17:05:13', '0');
INSERT INTO `tb_topic` VALUES ('196', '96-测试文章', '96-测试内容', '1', '4', '1', '0', '0', '1', '2018-01-30 17:05:13', '1', '2018-01-30 17:05:13', '0');
INSERT INTO `tb_topic` VALUES ('197', '97-测试文章', '97-测试内容', '1', '4', '1', '0', '0', '1', '2018-01-30 17:05:13', '1', '2018-01-30 17:05:13', '0');
INSERT INTO `tb_topic` VALUES ('198', '98-测试文章', '98-测试内容', '1', '4', '1', '0', '0', '1', '2018-01-30 17:05:13', '1', '2018-01-30 17:05:13', '0');
INSERT INTO `tb_topic` VALUES ('199', '99-测试文章', '99-测试内容', '1', '4', '1', '0', '0', '1', '2018-01-30 17:05:13', '1', '2018-01-30 17:05:13', '0');
INSERT INTO `tb_topic` VALUES ('200', '100-测试文章', '100-测试内容', '1', '4', '1', '0', '0', '1', '2018-01-30 17:05:13', '1', '2018-01-30 17:05:13', '0');

-- ----------------------------
-- Table structure for tb_user
-- ----------------------------
DROP TABLE IF EXISTS `tb_user`;
CREATE TABLE `tb_user` (
  `id` int(11) NOT NULL AUTO_INCREMENT,
  `login_name` varchar(32) DEFAULT NULL,
  `password` varchar(32) DEFAULT NULL,
  `user_phone` varchar(11) DEFAULT NULL,
  `user_email` varchar(32) DEFAULT NULL,
  `user_role_id` int(11) DEFAULT NULL,
  `create_by` int(11) DEFAULT NULL,
  `create_date` datetime DEFAULT NULL,
  `update_by` int(11) DEFAULT NULL,
  `update_date` datetime DEFAULT NULL,
  `del_flag` int(11) DEFAULT NULL,
  PRIMARY KEY (`id`)
) ENGINE=InnoDB AUTO_INCREMENT=11 DEFAULT CHARSET=utf8;

-- ----------------------------
-- Records of tb_user
-- ----------------------------
INSERT INTO `tb_user` VALUES ('1', 'admin', '123456', '13163332831', '758831364@qq.com', '1', '1', '2018-01-30 13:42:11', '1', '2018-01-30 13:42:13', '0');
INSERT INTO `tb_user` VALUES ('2', 'test_2', '123456', '13163332831', '758831364@qq.com', '1', '1', '2018-02-02 17:55:24', '1', '2018-02-02 17:55:24', '0');
INSERT INTO `tb_user` VALUES ('3', 'test_3', '123456', '13163332831', '758831364@qq.com', '1', '1', '2018-02-02 17:55:24', '1', '2018-02-02 17:55:24', '0');
INSERT INTO `tb_user` VALUES ('4', 'test_4', '123456', '13163332831', '758831364@qq.com', '1', '1', '2018-02-02 17:55:24', '1', '2018-02-02 17:55:24', '0');
INSERT INTO `tb_user` VALUES ('5', 'test_5', '123456', '13163332831', '758831364@qq.com', '1', '1', '2018-02-02 17:55:24', '1', '2018-02-02 17:55:24', '0');
INSERT INTO `tb_user` VALUES ('6', 'test_6', '123456', '13163332831', '758831364@qq.com', '1', '1', '2018-02-02 17:55:24', '1', '2018-02-02 17:55:24', '0');
INSERT INTO `tb_user` VALUES ('7', 'test_7', '123456', '13163332831', '758831364@qq.com', '1', '1', '2018-02-02 17:55:24', '1', '2018-02-02 17:55:24', '0');
INSERT INTO `tb_user` VALUES ('8', 'test_8', '123456', '13163332831', '758831364@qq.com', '1', '1', '2018-02-02 17:55:24', '1', '2018-02-02 17:55:24', '0');
INSERT INTO `tb_user` VALUES ('9', 'test_9', '123456', '13163332831', '758831364@qq.com', '1', '1', '2018-02-02 17:55:24', '1', '2018-02-02 17:55:24', '0');
INSERT INTO `tb_user` VALUES ('10', 'test_10', '123456', '13163332831', '758831364@qq.com', '1', '1', '2018-02-02 17:55:24', '1', '2018-02-02 17:55:24', '0');

-- ----------------------------
-- Table structure for tb_user_info
-- ----------------------------
DROP TABLE IF EXISTS `tb_user_info`;
CREATE TABLE `tb_user_info` (
  `id` int(11) NOT NULL AUTO_INCREMENT,
  `user_id` int(11) DEFAULT NULL,
  `user_name` varchar(32) DEFAULT NULL,
  `user_sex` int(11) DEFAULT NULL,
  `user_qq` varchar(32) DEFAULT NULL,
  `user_wx` varchar(32) DEFAULT NULL COMMENT '用户微信',
  `user_head_img` varchar(128) DEFAULT NULL COMMENT '用户头像',
  `user_sign` text COMMENT '用户个签',
  `user_birth_date` date DEFAULT NULL,
  `user_blog` varchar(64) DEFAULT NULL,
  `user_province` int(11) DEFAULT NULL,
  `user_city` int(11) DEFAULT NULL,
  `user_area` int(11) DEFAULT NULL,
  `user_address` varchar(128) DEFAULT NULL,
  `user_gradeid` int(11) DEFAULT NULL,
  `create_by` int(11) DEFAULT NULL,
  `create_date` datetime DEFAULT NULL,
  `update_by` int(11) DEFAULT NULL,
  `update_date` datetime DEFAULT NULL,
  `del_flag` int(11) DEFAULT NULL,
  PRIMARY KEY (`id`)
) ENGINE=InnoDB AUTO_INCREMENT=11 DEFAULT CHARSET=utf8;

-- ----------------------------
-- Records of tb_user_info
-- ----------------------------
INSERT INTO `tb_user_info` VALUES ('1', '1', '皮卡丘', '1', '758831364', '123456', '/static/img/defaultImg.jpg', '用户个签测试', '1994-04-20', null, null, null, null, null, null, '1', '2018-02-01 16:11:48', '1', '2018-02-01 16:11:52', '0');
INSERT INTO `tb_user_info` VALUES ('2', '2', '测试用户_2', '1', '758831364', '123456', '/static/img/defaultImg.jpg', '用户个签测试', '1994-04-20', null, null, null, null, null, null, '1', '2018-02-02 17:57:51', '1', '2018-02-02 17:57:51', '0');
INSERT INTO `tb_user_info` VALUES ('3', '3', '测试用户_3', '1', '758831364', '123456', '/static/img/defaultImg.jpg', '用户个签测试', '1994-04-20', null, null, null, null, null, null, '1', '2018-02-02 17:57:51', '1', '2018-02-02 17:57:51', '0');
INSERT INTO `tb_user_info` VALUES ('4', '4', '测试用户_4', '1', '758831364', '123456', '/static/img/defaultImg.jpg', '用户个签测试', '1994-04-20', null, null, null, null, null, null, '1', '2018-02-02 17:57:51', '1', '2018-02-02 17:57:51', '0');
INSERT INTO `tb_user_info` VALUES ('5', '5', '测试用户_5', '1', '758831364', '123456', '/static/img/defaultImg.jpg', '用户个签测试', '1994-04-20', null, null, null, null, null, null, '1', '2018-02-02 17:57:51', '1', '2018-02-02 17:57:51', '0');
INSERT INTO `tb_user_info` VALUES ('6', '6', '测试用户_6', '1', '758831364', '123456', '/static/img/defaultImg.jpg', '用户个签测试', '1994-04-20', null, null, null, null, null, null, '1', '2018-02-02 17:57:51', '1', '2018-02-02 17:57:51', '0');
INSERT INTO `tb_user_info` VALUES ('7', '7', '测试用户_7', '1', '758831364', '123456', '/static/img/defaultImg.jpg', '用户个签测试', '1994-04-20', null, null, null, null, null, null, '1', '2018-02-02 17:57:51', '1', '2018-02-02 17:57:51', '0');
INSERT INTO `tb_user_info` VALUES ('8', '8', '测试用户_8', '1', '758831364', '123456', '/static/img/defaultImg.jpg', '用户个签测试', '1994-04-20', null, null, null, null, null, null, '1', '2018-02-02 17:57:51', '1', '2018-02-02 17:57:51', '0');
INSERT INTO `tb_user_info` VALUES ('9', '9', '测试用户_9', '1', '758831364', '123456', '/static/img/defaultImg.jpg', '用户个签测试', '1994-04-20', null, null, null, null, null, null, '1', '2018-02-02 17:57:51', '1', '2018-02-02 17:57:51', '0');
INSERT INTO `tb_user_info` VALUES ('10', '10', '测试用户_10', '1', '758831364', '123456', '/static/img/defaultImg.jpg', '用户个签测试', '1994-04-20', null, null, null, null, null, null, '1', '2018-02-02 17:57:51', '1', '2018-02-02 17:57:51', '0');

-- ----------------------------
-- Function structure for insertTopic
-- ----------------------------
DROP FUNCTION IF EXISTS `insertTopic`;
DELIMITER ;;
CREATE DEFINER=`root`@`localhost` FUNCTION `insertTopic`() RETURNS int(11)
BEGIN
 DECLARE var INT DEFAULT 0; 
WHILE var<100 DO    
    SET var=var+1;  
	INSERT INTO tb_topic (	title,	user_id,	board_id,create_date,update_date,	content) VALUES	(	CONCAT(var,'-','测试文章'),'1','3',NOW(),NOW(),CONCAT(var,'-','测试内容')	);
END WHILE; 
RETURN 0; 
END
;;
DELIMITER ;

-- ----------------------------
-- Function structure for insertUserAndInfo
-- ----------------------------
DROP FUNCTION IF EXISTS `insertUserAndInfo`;
DELIMITER ;;
CREATE DEFINER=`root`@`localhost` FUNCTION `insertUserAndInfo`() RETURNS int(11)
BEGIN
 DECLARE var INT DEFAULT 1; 
WHILE var<10 DO    
    SET var=var+1;  
	INSERT INTO `bbs`.`tb_user` (`login_name`, `password`, `user_phone`, `user_email`, `user_role_id`, `create_by`, `create_date`, `update_by`, `update_date`, `del_flag`) VALUES (CONCAT('test','_',var), '123456', '13163332831', '758831364@qq.com', '1', '1', NOW(), '1', NOW(), '0');
END WHILE; 
RETURN 0; 
END
;;
DELIMITER ;

-- ----------------------------
-- Function structure for insertUserInfo
-- ----------------------------
DROP FUNCTION IF EXISTS `insertUserInfo`;
DELIMITER ;;
CREATE DEFINER=`root`@`localhost` FUNCTION `insertUserInfo`() RETURNS int(11)
BEGIN
 DECLARE var INT DEFAULT 1; 
WHILE var<10 DO    
    SET var=var+1;  
INSERT INTO `bbs`.`tb_user_info` (`user_id`, `user_name`, `user_sex`, `user_qq`, `user_wx`, `user_head_img`, `user_sign`, `user_birth_date`, `user_blog`, `user_province`, `user_city`, `user_area`, `user_address`, `user_gradeid`, `create_by`, `create_date`, `update_by`, `update_date`, `del_flag`) VALUES (var, CONCAT('测试用户','_',var), '1', '758831364', '123456', '/static/img/defaultImg.jpg', '用户个签测试', '1994-04-20', NULL, NULL, NULL, NULL, NULL, NULL, '1', NOW(), '1', NOW(), '0');
END WHILE; 
RETURN 0; 
END
;;
DELIMITER ;
